,HOME,EI,RU,WO,CN,VM,TY,GH,QP,XB,Z,DIGITS
1,all,see,are,for,and,from,you,the,page,about,size,
2,add,like,free,was,new,more,not,that,help,but,magazine,
3,ask,said,use,will,can,view,your,this,price,business,zip,
4,fall,life,used,our,one,services,information,with,top,web,amazon,
5,ads,did,read,also,news,some,time,have,people,been,zone,
6,las,file,user,would,now,service,site,home,products,back,magazines,
7,falls,sale,full,were,online,name,may,has,product,next,zealand,
8,dallas,sales,real,world,click,over,out,search,post,buy,arizona,
9,alaska,less,address,work,find,email,any,other,policy,number,zoom,
10,dsl,side,area,well,jan,music,only,they,please,available,zero,
11,dad,sell,usa,order,info,make,contact,what,copyright,best,jazz,
12,adds,field,series,does,links,video,first,which,support,public,brazil,
13,sad,files,air,off,need,review,its,their,privacy,books,amazing,
14,aka,added,issues,law,under,mail,date,there,company,book,zum,
15,ssl,self,users,old,know,reviews,list,his,group,ebay,elizabeth,
16,aaa,kids,red,low,could,made,just,when,map,member,citizens,
17,fda,else,issue,food,line,dvd,state,here,program,before,verzeichnis,
18,das,feel,seller,look,send,reserved,year,who,part,because,sizes,
19,salad,deals,release,week,local,forum,day,get,development,subject,authorized,
20,asks,lake,areas,offers,office,even,into,how,report,between,crazy,
21,ada,asked,rss,few,car,women,two,these,type,based,switzerland,
22,adsl,skills,sure,road,code,same,last,than,posted,black,czech,
23,sas,lead,due,four,link,version,most,had,phone,website,recognized,
24,ala,ideas,url,audio,case,american,data,health,shipping,index,organized,
25,,idea,federal,war,own,media,system,them,special,being,biz,
26,,deal,rules,offer,found,small,city,should,prices,both,citizen,
27,,safe,far,radio,care,level,after,her,open,members,prize,
28,,feed,risk,word,down,form,software,such,project,big,pizza,
29,,sea,jul,works,end,love,years,message,pages,board,recognize,
30,,disease,fire,words,download,main,very,then,sports,text,plaza,
31,,iii,eur,error,access,save,items,good,photo,december,realize,
32,,asia,usr,wide,resources,movies,many,where,power,jobs,puzzle,
33,,fees,sellers,florida,since,value,set,rights,computer,job,customize,
34,,fee,fri,wireless,call,man,university,high,place,box,sized,
35,,aid,releases,loss,non,room,january,school,per,table,mhz,
36,,dead,useful,oil,insurance,men,way,through,posts,october,wizard,
37,,led,rule,orders,class,advanced,days,each,pictures,november,customized,
38,,die,uses,role,include,live,united,she,personal,library,zus,
39,,lee,released,weeks,card,model,item,general,shop,september,quiz,
40,,fields,reader,lower,source,movie,center,research,shopping,better,zoo,
41,,del,dark,follow,learn,forums,must,games,profile,feedback,ghz,
42,,died,fair,allow,around,medical,store,management,previous,tax,realized,
43,,des,leader,wed,course,come,travel,great,department,below,hazardous,
44,,fill,israel,los,canada,server,comments,hotel,description,mobile,specialized,
45,,fill,fuel,worldwide,join,never,details,hotels,property,blog,venezuela,
46,,aids,affairs,award,science,america,terms,right,quality,above,zdnet,
47,,disk,failure,wall,windows,nov,results,those,private,problem,horizontal,
48,,desk,jesus,forward,june,major,education,using,reply,experience,mozilla,
49,,feeds,readers,flowers,second,similar,national,design,compare,body,zimbabwe,
50,,filed,leaders,door,accessories,million,take,within,provide,club,bronze,
51,,failed,russia,floor,friend,film,internet,long,press,example,puzzles,
52,,leads,laser,allows,dec,welcome,community,show,print,texas,dozen,
53,,fail,earlier,wood,san,david,states,check,process,browse,zones,
54,,dell,issued,awards,financial,common,want,much,point,building,lopez,
55,,les,rural,offered,social,drive,family,sign,photos,february,verizon,
56,,ladies,rare,saw,needs,several,today,technology,plan,blue,brazilian,
57,,ski,dual,workers,sun,means,section,south,provided,fax,frozen,
58,,diff,rise,lord,cards,five,related,house,required,possible,bizrate,
59,,ideal,usd,wife,london,mar,security,game,questions,problems,tanzania,
60,,jeff,addresses,flow,california,ever,county,while,application,become,analyze,
61,,kill,referred,laws,reference,miles,network,three,play,baby,cruz,
62,,seek,fear,allowed,run,via,systems,following,april,able,shopzilla,
63,,diseases,dress,older,journal,mark,total,him,complete,feb,thumbzilla,
64,,filled,dealer,looks,cell,individual,current,without,topic,beach,hazard,
65,,killed,refer,sold,color,cover,control,think,person,database,bizarre,
66,,slide,easier,www,council,videos,water,north,party,bill,suzuki,
67,,kid,serial,oral,includes,economic,art,history,payment,bad,buzz,
68,,seed,relief,ford,discussion,various,directory,including,equipment,global,organize,
69,,sides,ride,dollars,once,commercial,location,guide,programs,subscribe,zope,
70,,lease,raised,wild,friends,james,rate,change,park,submit,zambia,
71,,dial,dealers,walk,cars,received,return,white,performance,bank,horizon,
72,,seal,der,rose,fun,camera,students,rating,quote,linux,prizes,
73,,lies,leisure,serious,close,receive,account,government,options,beauty,mazda,
74,,ill,safari,louis,called,domain,times,children,important,published,zoning,
75,,def,rear,errors,official,makes,sites,during,paper,basic,minimize,
76,,skill,ref,worked,land,models,events,digital,password,brand,belize,
77,,lisa,raise,load,done,mean,title,john,question,remember,zen,
78,,fell,dear,joe,window,income,still,hours,pay,bit,mozambique,
79,,lakes,sir,solid,france,overall,money,image,poker,base,benz,
80,,kiss,res,follows,island,river,every,another,groups,bay,hazards,
81,,ease,risks,dollar,record,commission,content,why,request,album,organizing,
82,,sealed,desire,flower,conference,views,country,shall,picture,bar,kazakhstan,
83,,lie,rail,soul,records,someone,little,listing,space,double,quizzes,
84,,laid,usual,looked,calendar,mind,visit,college,keep,build,uzbekistan,
85,,leaf,era,iowa,downloads,menu,tools,author,companies,exchange,organizer,
86,,diesel,addressed,followed,sound,volume,customer,training,popular,benefits,enzyme,
87,,silk,sierra,wire,resource,silver,article,categories,put,believe,zshops,
88,,assess,russell,roll,final,came,york,english,computers,executive,citizenship,
89,,ieee,fraud,korea,finance,mon,different,english,reports,robert,gazette,
90,,feels,desired,wear,rock,com,teen,thread,president,six,utilization,
91,,fails,radar,wales,included,names,stock,category,faq,bush,muze,
92,,fed,ear,row,jun,advice,too,large,updated,british,azerbaijan,
93,,aside,sri,wars,clear,leave,credit,gallery,provides,bid,analyzed,
94,,liked,laura,slow,loan,woman,west,register,specific,cable,utilize,
95,,seeds,fred,aware,india,middle,left,however,sep,object,dozens,
96,,sees,aud,euro,known,move,team,human,display,object,liz,
97,,seeks,reads,raw,cases,values,estate,hot,powered,band,ozone,
98,,fake,saudi,aol,none,division,conditions,march,past,button,lazy,
99,,kde,fluid,lose,license,consumer,select,yahoo,upon,responsible,zinc,
100,,likes,seeker,soil,annual,levels,note,going,period,numbers,freeze,
101,,isle,sur,edward,face,mode,market,again,planning,browser,maximize,
102,,dale,duke,wildlife,increase,summer,really,looking,pro,bed,optimize,
103,,leeds,reed,draw,near,male,action,things,update,brown,prozac,
104,,lil,refers,lewis,loans,rooms,start,working,parts,mexico,fuzzy,
105,,assessed,surf,dolls,africa,female,features,against,present,probably,zoloft,
106,,ali,dir,swiss,force,voice,industry,got,apr,built,gzip,
107,,sells,israeli,foods,seen,comes,yes,login,cheap,blood,swaziland,
108,,kijiji,sue,iso,screen,cameras,cost,legal,europe,publisher,,
109,,fiji,afraid,oak,soon,medicine,say,give,topics,excellent,,
110,,ide,flu,solar,lines,forms,july,august,tips,basis,,
111,,eddie,killer,jose,across,animal,test,language,plus,express,,
112,,adidas,referral,doors,needed,evidence,study,young,percent,extra,,
113,,skilled,differ,ordered,season,overview,cart,single,player,budget,,
114,,ellis,deer,wow,casino,command,staff,age,projects,maximum,,
115,,dies,luke,delaware,cross,william,articles,girls,production,existing,,
116,,jail,julie,folder,inside,involved,street,something,points,boy,,
117,,allied,refused,welfare,union,animals,comment,gift,chapter,beautiful,,
118,,adelaide,rider,disorders,fine,mac,standard,changes,protection,bring,,
119,,dis,radius,fellow,islands,valid,student,night,policies,max,,
120,,alias,suffer,soldiers,career,modern,let,hard,position,xml,,
121,,slides,dresses,lol,decision,normal,recent,range,step,bin,,
122,,jesse,ddr,worker,kind,java,stores,light,simple,football,,
123,,sie,arise,dose,nice,seems,act,given,quick,abstract,,
124,,kai,sara,worse,score,van,memory,china,paul,publication,,
125,,jill,drill,awarded,courses,academic,story,making,corporate,republic,,
126,,eds,audi,folk,fund,mini,rates,might,purchase,expected,,
127,,kills,raid,roads,asian,disclaimer,create,month,response,behind,,
128,,sake,reseller,wiki,inn,mission,key,hand,practice,buying,,
129,,disks,suffered,losses,cause,modified,east,washington,speed,boys,,
130,,leslie,assure,walls,focus,recommended,activities,meeting,political,boards,,
131,,jake,fired,ward,inc,medium,additional,child,japan,membership,,
132,,alike,refuse,roof,win,msn,latest,share,european,born,,
133,,idle,rid,walker,cancer,device,oct,garden,copy,background,,
134,,diffs,suse,woods,reason,min,status,schools,pics,except,,
135,,lid,alfred,jokes,answer,remove,court,learning,employment,usb,,
136,,deaf,sku,ross,sources,minimum,always,energy,package,ability,,
137,,isa,julia,solo,secure,visual,result,images,players,maybe,,
138,,dee,karl,wake,round,manual,write,original,port,brands,,
139,,jade,ears,urw,nokia,civil,easy,head,stop,battery,,
140,,seas,elder,wells,carolina,driver,event,archive,supplies,submitted,,
141,,sail,airfare,flood,owners,mike,analysis,others,plans,boston,,
142,,ids,ser,folks,classic,farm,yet,agreement,types,debt,,
143,,,earl,loaded,ensure,devices,star,months,sponsored,break,,
144,,,aus,roses,success,families,future,log,apply,established,,
145,,,fur,sole,wine,museum,committee,messages,printer,external,,
146,,,reel,weak,owner,former,interest,marketing,pdf,isbn,,
147,,,reef,wise,son,frame,enter,further,hope,block,,
148,,,jar,odds,considered,musical,listed,having,corporation,subjects,,
149,,,dare,roles,joined,individuals,delivery,green,supply,fixed,,
150,,,aerial,rod,senior,dev,net,gold,particular,beginning,,
151,,,failures,wolf,ireland,vol,term,living,homepage,businesses,,
152,,,rides,loose,canadian,demand,stories,short,pre,benefit,,
153,,,irs,disorder,cool,advance,try,whether,appropriate,sub,,
154,,,dude,firewall,funds,firm,central,weather,capital,beyond,,
155,,,fires,rio,session,seven,notice,average,sample,blogs,,
156,,,luis,doll,skin,module,until,technical,airport,complex,,
157,,,eau,odd,indian,random,away,region,phones,columbia,,
158,,,lauderdale,arrow,consider,dvds,track,aug,super,bottom,,
159,,,dried,weird,sense,vision,australia,either,multiple,begin,,
160,,,derek,freeware,unless,lives,format,ago,potential,bible,,
161,,,fears,seo,race,commerce,least,hosting,primary,basket,,
162,,,lesser,walked,core,recommend,society,thing,spring,described,,
163,,,dressed,flows,dance,mass,safety,third,purpose,ball,,
164,,,uri,fewer,defined,crime,trade,gifts,police,publishing,,
165,,,raises,edwards,answers,claim,edition,reading,independent,bob,,
166,,,salaries,drew,surface,measures,tell,together,approach,xbox,,
167,,,ferrari,floral,increased,miss,association,getting,physical,buyer,,
168,,,assured,worlds,classes,mid,already,tech,operating,balance,,
169,,,referrals,dos,officer,diamond,studies,germany,maps,label,,
170,,,riders,jews,unknown,servers,collection,watch,happy,bus,,
171,,,fare,afford,careers,username,arts,though,developed,bag,,
172,,,asus,soldier,fan,freedom,lot,thanks,unique,context,,
173,,,fuji,kodak,references,jim,limited,everything,prior,breast,,
174,,,reid,joel,jack,informed,solutions,weight,telephone,ibm,,
175,,,dui,oils,scale,admin,director,heart,sport,websites,,
176,,,usda,fold,francisco,covered,daily,advertising,population,brought,,
177,,,urls,oasis,colorado,universal,natural,choose,operations,enable,,
178,,,fairfield,rolls,clean,marine,electronics,archives,simply,exercise,,
179,,,seekers,loads,russian,claims,says,knowledge,paypal,bug,,
180,,,ruled,solaris,african,seem,direct,girl,option,paperback,,
181,,,affair,joke,difference,serve,microsoft,registered,improve,began,,
182,,,ladder,railroad,illinois,avoid,environment,golf,parents,urban,,
183,,,leu,sword,cells,virus,district,methods,impact,labor,,
184,,,deferred,loud,calls,column,costs,manager,properties,expert,,
185,,,fraser,folders,discuss,avenue,style,listings,hospital,became,,
186,,,erik,reload,naked,moved,front,michael,ship,examples,,
187,,,ira,wired,successful,viewed,statement,half,paid,branch,,
188,,,kirk,wider,wind,reserve,early,engineering,perfect,birth,,
189,,,fares,warrior,clinical,cvs,document,whole,opportunity,abuse,,
190,,,safer,leo,sciences,films,material,shows,peter,tables,,
191,,,,doe,coffee,williams,written,google,especially,breakfast,,
192,,,,wal,closed,ave,talk,church,partners,extended,,
193,,,,floors,ice,named,adult,method,operation,lab,,
194,,,,fork,llc,mouse,tickets,hardware,quite,bridge,,
195,,,,roller,sec,criminal,centre,figure,patients,baseball,,
196,,,,reward,canon,dream,TRUE,holiday,providing,clubs,,
197,,,,walks,cold,covers,minutes,chat,programme,variable,,
198,,,,sol,kansas,served,auto,enough,input,expect,,
199,,,,wool,reduce,void,usually,designed,enterprise,extension,,
200,,,,karaoke,nor,framework,edit,along,ships,brother,,
201,,,,fool,alone,dave,fast,among,positive,portable,,
202,,,,kelkoo,seconds,vice,function,death,opinion,applicable,,
203,,,,seafood,jones,revenue,fact,writing,output,boat,,
204,,,,ooo,classifieds,measure,unit,html,develop,basketball,,
205,,,,rows,creek,anime,meet,higher,employees,objects,,
206,,,,rewards,defense,economics,lyrics,kingdom,processing,assembly,,
207,,,,dod,cds,remain,often,thought,pass,taxes,,
208,,,,wifi,reasons,missouri,amount,french,photography,brain,,
209,,,,fwd,ones,var,town,storage,components,brain,,
210,,,,aurora,corner,drivers,treatment,doing,completed,obtained,,
211,,,,foo,rank,married,newsletter,shoes,graphics,binding,,
212,,,,duo,define,miami,currently,growth,prev,brief,,
213,,,,lows,snow,comics,toys,agency,pacific,mix,,
214,,,,worried,weekend,minor,taken,king,pop,fix,,
215,,,,sofa,owned,mom,sort,although,panel,pubmed,,
216,,,,euros,lcd,davis,friday,drug,proposed,behavior,,
217,,,,sao,jackson,reviewed,later,cash,require,bear,,
218,,,,rolled,codes,removed,sony,engine,iraq,laboratory,,
219,,,,warriors,kinds,famous,customers,regional,deep,experts,,
220,,,,eos,forces,violence,active,dog,protein,exactly,,
221,,,,louise,disc,delivered,materials,held,plant,explore,,
222,,,,weed,classical,vendor,countries,anything,reported,eligible,,
223,,,,firewire,icon,aim,discount,mortgage,pool,billion,,
224,,,,radios,indiana,mine,effects,wish,politics,bought,,
225,,,,rosa,ends,moon,created,rather,partner,broken,,
226,,,,dow,nuclear,manner,standards,nothing,parties,blow,,
227,,,,feof,wisconsin,devel,yellow,running,pack,battle,,
228,,,,jewel,decided,drives,advertise,according,japanese,expression,,
229,,,,likewise,ended,arms,stuff,clothing,approved,bytes,,
230,,,,idol,iron,rom,entry,hour,places,compatible,,
231,,,,draws,discussions,miller,stay,gas,php,obtain,,
232,,,,lou,ocean,frames,nature,huge,pretty,banks,,
233,,,,souls,lack,removal,summary,taking,phentermine,bath,,
234,,,,wires,knew,revised,turn,coming,spain,birthday,,
235,,,,oaks,con,americans,notes,machine,pressure,beta,,
236,,,,ware,frank,conversion,monday,logo,purposes,banking,,
237,,,,fossil,decisions,revision,activity,length,papers,brian,,
238,,,,foul,sounds,maine,western,shown,playing,bags,,
239,,,,workflow,acid,cream,contents,christmas,programming,breaking,,
240,,,,awful,forced,discover,started,england,apple,combined,,
241,,,,willow,null,advisor,institute,flash,repair,extreme,,
242,,,,soa,offices,evil,electronic,george,updates,bars,,
243,,,,ours,andrew,remains,continue,choice,desktop,bird,,
244,,,,flour,officials,firms,condition,starting,paris,exclusive,,
245,,,,adware,won,smaller,effective,thursday,capacity,bids,,
246,,,,laos,doc,modules,effect,foreign,requires,matrix,,
247,,,,,reduced,versions,sunday,channel,quotes,combination,,
248,,,,,daniel,kevin,selection,degree,respect,libraries,,
249,,,,,scene,nevada,lost,homes,specified,distributed,,
250,,,,,fans,cam,tour,virginia,trip,phoenix,,
251,,,,,drink,curriculum,anyone,song,pst,bonus,,
252,,,,,concerns,ram,solution,thomas,procedures,bookmark,,
253,,,,,colour,arm,mature,schedule,poor,buildings,,
254,,,,,officers,wave,addition,hill,peace,beat,,
255,,,,,junior,denver,certain,hold,campus,batteries,,
256,,,,,ann,visa,necessary,ratings,progress,adobe,,
257,,,,,wonderful,deliver,jewelry,chicago,transport,bbc,,
258,,,,,announced,reform,military,glass,accepted,becomes,,
259,,,,,soccer,assume,rental,smith,presented,alabama,,
260,,,,,dan,confirm,teens,thank,respective,nearby,,
261,,,,,colors,warm,sat,regular,parent,exposure,,
262,,,,,cisco,leaves,facilities,navigation,spanish,gambling,,
263,,,,,cruise,sam,tuesday,therefore,helpful,luxury,,
264,,,,,carried,formal,actually,christian,path,babes,,
265,,,,,caused,dimensions,statistics,thu,employee,liability,,
266,,,,,indeed,micro,client,hall,packages,trackback,,
267,,,,,src,mile,returns,larger,pet,reasonable,,
268,,,,,nine,mens,investment,earth,cup,broadband,,
269,,,,,eric,consumers,sent,kitchen,applied,webmaster,,
270,,,,,clock,novel,saturday,strong,square,bass,,
271,,,,,influence,adam,culture,wedding,skip,bedroom,,
272,,,,,rain,universe,went,ground,piece,bureau,,
273,,,,,dna,mirror,artist,hair,species,boxes,,
274,,,,,licensed,demo,outside,thus,jump,objectives,,
275,,,,,orlando,resume,furniture,guides,pricing,mixed,,
276,,,,,recorded,rome,letter,warning,couple,exist,,
277,,,,,don,milk,wednesday,horse,accept,bell,,
278,,,,,dinner,drama,structure,significant,appear,explain,,
279,,,,,runs,millions,contract,housing,developing,establish,,
280,,,,,louisiana,muscle,matter,gmt,temperature,expressed,,
281,,,,,wilson,sum,custom,catalog,palm,extent,,
282,,,,,acc,misc,almost,searches,patient,extent,,
283,,,,,concerned,vancouver,took,trying,perhaps,ben,,
284,,,,,ink,seemed,located,mother,persons,export,,
285,,,,,census,formula,editor,authority,pain,describe,,
286,,,,,accordance,classroom,industrial,strategy,poster,backup,,
287,,,,,noise,kim,cnet,agent,pink,trouble,,
288,,,,,discussed,memorial,ltd,teaching,replies,expand,,
289,,,,,differences,alumni,late,grand,provider,experienced,,
290,,,,,lane,romance,featured,testing,optional,lib,,
291,,,,,sweden,simon,associated,charge,phase,bike,,
292,,,,,occur,marks,tool,leading,professor,expenses,,
293,,,,,knows,loved,foundation,chinese,apparel,blonde,,
294,,,,,concern,numerous,friendly,greater,techniques,experiences,,
295,,,,,audience,saved,documents,guest,quickly,albums,,
296,,,,,jordan,moore,feature,ring,permission,extremely,,
297,,,,,cook,massive,everyone,grade,patch,variables,,
298,,,,,anderson,denmark,tue,dating,component,fox,,
299,,,,,circle,formed,wanted,mailing,processes,exit,,
300,,,,,iran,dreams,survey,vehicle,produced,belgium,,
301,,,,,dean,cleveland,ready,longer,supported,printable,,
302,,,,,fiscal,reverse,station,northern,pocket,symbol,,
303,,,,,ericsson,seminar,favorite,german,competition,buddy,,
304,,,,,causes,womens,understand,match,premium,observed,,
305,,,,,arkansas,missed,master,morning,providers,booking,,
306,,,,,learned,molecular,valley,otherwise,upgrade,celebrity,,
307,,,,,scores,amended,recently,hit,apartments,unix,,
308,,,,,linear,von,rentals,authors,pick,bond,,
309,,,,,jean,cinema,cut,fish,therapy,appendix,,
310,,,,,carrier,severe,connection,string,upper,blues,,
311,,,,,linked,lived,anti,stage,prime,pub,,
312,,,,,wonder,domains,networks,goods,steps,cables,,
313,,,,,lessons,siemens,transfer,richard,shops,bluetooth,,
314,,,,,lens,marked,tel,target,quantity,biology,,
315,,,,,classified,driven,italy,character,practices,border,,
316,,,,,confidence,measured,kit,moving,reporting,debate,,
317,,,,,alliance,medline,cities,southern,platform,biography,,
318,,,,,offline,adams,distance,youth,protect,notebook,,
319,,,,,clearance,villa,tree,throughout,drop,explorer,,
320,,,,,crew,columns,assessment,regarding,compliance,husband,,
321,,,,,allen,med,interface,theory,prevent,disabled,,
322,,,,,node,roman,rated,host,campaign,britain,,
323,,,,,lock,forever,selected,teachers,improvement,weblog,,
324,,,,,cancel,livecam,restaurants,agents,ipod,bears,,
325,,,,,increases,commands,locations,songs,spirit,begins,,
326,,,,,winner,alarm,vote,wrong,acceptance,babe,,
327,,,,,sessions,derived,stars,hands,computing,becoming,,
328,,,,,kernel,comic,lists,ohio,requests,objective,,
329,,,,,journals,maker,retail,gets,separate,enabled,,
330,,,,,jennifer,smoke,directly,father,quarter,exact,,
331,,,,,und,mad,ways,worth,procedure,bound,,
332,,,,,clark,semi,est,teacher,leadership,contribute,,
333,,,,,rice,familiar,takes,georgia,plants,bowl,,
334,,,,,orleans,admission,told,showing,developer,brothers,,
335,,,,,nfl,madison,traffic,funding,sitemap,submission,,
336,,,,,lincoln,alive,feet,grant,comparison,cambridge,,
337,,,,,decide,discovered,trial,agree,sequence,execution,,
338,,,,,alan,modem,units,hear,opening,disability,,
339,,,,,jason,limousines,instead,watches,recipes,examination,,
340,,,,,awareness,moves,wrote,goes,plastic,bulletin,,
341,,,,,jane,receiver,entire,themselves,produce,oxford,,
342,,,,,earn,commons,educational,interesting,placed,extensive,,
343,,,,,finder,arrival,metal,hits,camp,affordable,,
344,,,,,focused,awesome,fitness,galleries,printing,databases,,
345,,,,,cellular,confirmed,likely,agencies,approval,buyers,,
346,,,,,crisis,assumes,artists,michigan,played,broad,,
347,,,,,occurred,mall,alternative,setting,equal,labour,,
348,,,,,nasa,memories,resolution,highest,profit,publishers,,
349,,,,,css,arrived,relations,monthly,posters,behalf,,
350,,,,,nick,murder,trust,angeles,parking,caribbean,,
351,,,,,airline,overseas,contains,networking,compared,nebraska,,
352,,,,,conferences,mod,multi,chief,workshop,expansion,,
353,,,,,narrow,farmers,vacation,gives,completely,arab,,
354,,,,,anne,vendors,century,changed,pattern,keyboard,,
355,,,,,residence,serves,assistance,heard,sponsor,bands,,
356,,,,,lesson,milwaukee,mary,switch,powerful,boot,,
357,,,,,scan,maria,mountain,largest,personnel,suitable,,
358,,,,,indonesia,uniform,filter,guy,passed,absolutely,,
359,,,,,sci,vacuum,int,guidelines,supplied,chamber,,
360,,,,,sin,survival,default,vegas,pic,beer,,
361,,,,,conclusion,nova,outdoor,chris,opinions,reliable,,
362,,,,,susan,venue,rest,gear,promote,doubt,,
363,,,,,cookies,modes,faculty,charles,appears,unable,,
364,,,,,inner,aluminum,eye,selling,priority,biggest,,
365,,,,,cruises,sms,internal,sheet,clips,baltimore,,
366,,,,,lawrence,drum,detailed,regulations,graphic,biological,,
367,,,,,neck,smile,maintenance,fashion,payments,bruce,,
368,,,,,airlines,armed,functions,trading,script,bits,,
369,,,,,oracle,divorce,trademarks,whose,prepared,bargain,,
370,,,,,console,emissions,yourself,coverage,queen,blocks,,
371,,,,,injuries,mill,etc,giving,frequently,diabetes,,
372,,,,,franklin,moral,winter,chance,depth,bodies,,
373,,,,,finland,camcorder,keywords,ending,laptop,flexible,,
374,,,,,nurse,ourselves,television,goal,spa,birds,,
375,,,,,luck,crm,interested,highly,concept,indexed,,
376,,,,,crown,revenues,sets,emergency,ups,pittsburgh,,
377,,,,,crack,reserves,itself,leather,tripadvisor,carbon,,
378,,,,,casinos,solve,studio,historical,speak,comfortable,,
379,,,,,cake,diverse,virtual,ringtones,protocol,bright,,
380,,,,,coins,divided,rent,village,query,bidding,,
381,,,,,cafe,amd,remote,settings,clip,banner,,
382,,,,,ken,emails,enjoy,edge,partnership,barbara,,
383,,,,,sand,seminars,variety,holidays,equity,blogger,,
384,,,,,ran,makers,martin,monitoring,provisions,textbooks,,
385,,,,,finds,eve,steel,graduate,speech,tab,,
386,,,,,occurs,marc,associates,shot,principles,boots,,
387,,,,,jon,versus,finally,thinking,replacement,alexander,,
388,,,,,classics,revealed,sector,league,tape,broadcast,,
389,,,,,deck,samuel,jersey,accounting,spam,toshiba,,
390,,,,,sick,meal,fat,chair,apartment,accessible,,
391,,,,,cialis,dimension,fully,fishing,speaker,possibly,,
392,,,,,arcade,admissions,electric,shirt,springs,exists,,
393,,,,,ron,reviewer,instruments,generally,perform,uniprotkb,,
394,,,,,closer,involves,restaurant,johnson,joseph,birmingham,,
395,,,,,clinic,devil,eyes,religion,protected,unsubscribe,,
396,,,,,korean,marie,traditional,driving,proposal,labels,,
397,,,,,funded,mars,tom,surgery,portal,bio,,
398,,,,,winners,wisdom,creative,heat,parameters,exam,,
399,,,,,disclosure,rev,coast,generation,profiles,sustainable,,
400,,,,,nelson,loves,fiction,chemical,postal,beds,,
401,,,,,faces,aims,sometimes,himself,frequency,bills,,
402,,,,,sean,islamic,evaluation,guarantee,departments,bold,,
403,,,,,rescue,jam,ten,meetings,displayed,bathroom,,
404,,,,,nsw,median,cat,flight,physics,stable,,
405,,,,,drawn,camcorders,flat,congress,spent,blank,,
406,,,,,ian,mrs,literature,argument,performed,deluxe,,
407,,,,,counsel,convenience,stand,creating,samples,exception,,
408,,,,,ukraine,liver,economy,drugs,helps,bulk,,
409,,,,,rico,morris,critical,fresh,sleep,fabric,,
410,,,,,ceo,eminem,definition,characters,pharmacy,berlin,,
411,,,,,wins,assumed,secretary,growing,speakers,expensive,,
412,,,,,rack,evans,australian,thousands,permanent,buffalo,,
413,,,,,rack,involve,detail,hearing,portfolio,explained,,
414,,,,,linda,mice,royal,generated,practical,expertise,,
415,,,,,anna,mercedes,titles,signed,philosophy,bottle,,
416,,,,,acres,mills,relevant,samsung,supports,rubber,,
417,,,,,lan,receives,justice,thoughts,cape,alex,,
418,,,,,nec,mood,connect,nursing,tip,bang,,
419,,,,,jessica,favor,weekly,machines,prevention,bone,,
420,,,,,arena,demands,suite,designated,import,bugs,,
421,,,,,casual,arrive,attention,tags,posting,valuable,,
422,,,,,clause,moreover,diet,heavy,presence,busy,,
423,,,,,lands,minimal,army,guys,aspects,brings,,
424,,,,,indoor,framed,auction,integrated,preview,abc,,
425,,,,,rick,romania,correct,merchant,despite,liberal,,
426,,,,,nikon,mask,nation,languages,proper,tube,,
427,,,,,donald,inform,lots,orange,singapore,belt,,
428,,,,,sensor,meals,elements,vehicles,enterprises,hobbies,,
429,,,,,scenes,muslim,resort,theme,principal,excess,,
430,,,,,founded,sleeve,facility,rich,kept,rob,,
431,,,,,icons,remained,certificate,guitar,alpha,melbourne,,
432,,,,,den,medicare,minister,finding,appeal,betting,,
433,,,,,wooden,valve,motion,saying,previously,liberty,,
434,,,,,decrease,val,directions,challenge,specials,blackjack,,
435,,,,,recorder,jamaica,visitors,strategies,improved,possibility,,
436,,,,,defence,rivers,monitor,touch,positions,exciting,,
437,,,,,refund,islam,forest,goals,happen,reliability,,
438,,,,,usc,adverse,clients,hire,panasonic,columbus,,
439,,,,,insider,voices,actions,suggest,permalink,notebooks,,
440,,,,,sons,curve,listen,charges,provision,blind,,
441,,,,,karen,museums,automotive,magic,newspaper,exp,,
442,,,,,cal,waves,communities,talking,printed,capable,,
443,,,,,kick,camel,situation,gave,hip,debian,,
444,,,,,unlike,fame,markets,manage,printers,describes,,
445,,,,,warren,remarks,lowest,oregon,faqs,absolute,,
446,,,,,funeral,juvenile,currency,racing,spot,substance,,
447,,,,,dennis,mineral,determine,religious,prints,prohibited,,
448,,,,,francis,canvas,actual,kong,spend,lbs,,
449,,,,,facial,claimed,stone,faith,optical,bankruptcy,,
450,,,,,deadline,mins,difficult,chain,promotion,substances,,
451,,,,,collins,farmer,scientific,missing,pda,breaks,,
452,,,,,winds,slave,satellite,houston,importance,exhibition,,
453,,,,,induced,oem,fit,reach,planet,cabinet,,
454,,,,,earned,ecommerce,tests,inch,copies,bringing,,
455,,,,,illness,inclusive,accounts,damage,recipe,bet,,
456,,,,,secured,dimensional,amateur,gamma,permit,buffer,,
457,,,,,unusual,crimes,met,truth,proof,existence,,
458,,,,,answered,resolved,factors,chart,empty,syntax,,
459,,,,,rocks,resolve,cultural,matching,pets,attribute,,
460,,,,,scanner,melissa,steve,offering,sql,exhibit,,
461,,,,,judicial,moscow,easily,shirts,represent,visible,,
462,,,,,lenses,diamonds,functional,headlines,pair,nba,,
463,,,,,arc,civic,root,wholesale,specs,obviously,,
464,,,,,dawn,manuals,initial,gone,pieces,handbook,,
465,,,,,carl,saver,scott,golden,parks,burning,,
466,,,,,rica,redeem,waste,lighting,patterns,substantial,,
467,,,,,warner,louisville,minute,gene,javascript,boats,,
468,,,,,recall,monica,dictionary,theatre,marketplace,impossible,,
469,,,,,decor,verified,sections,harry,shape,obvious,,
470,,,,,ion,vid,effort,evening,gps,fiber,,
471,,,,,seasons,deemed,fantasy,signal,operator,bedrooms,,
472,,,,,refine,madrid,letters,hawaii,cap,memorabilia,,
473,,,,,nike,norman,motor,flag,peak,bonds,,
474,,,,,alice,madonna,install,advantage,competitive,alberta,,
475,,,,,assurance,commander,continued,hello,suppliers,explanation,,
476,,,,,clerk,aimed,foot,designs,compact,subsection,,
477,,,,,jeans,mirrors,count,savings,poetry,mexican,,
478,,,,,occasion,filename,doctor,winning,keeping,firefox,,
479,,,,,jefferson,lovers,task,eight,preparation,expense,,
480,,,,,careful,oven,santa,straight,attempt,eligibility,,
481,,,,,licence,farms,soft,dining,stephen,buttons,,
482,,,,,declared,macro,keyword,integration,pin,vbulletin,,
483,,,,,aaron,viewer,interests,tag,playstation,extend,,
484,,,,,ncaa,cams,italian,vhs,happened,subsequent,,
485,,,,,coal,offensive,wait,handle,sharp,dublin,,
486,,,,,announce,salmon,saint,diego,paragraph,combat,,
487,,,,,refinance,salem,joint,hong,employer,baker,,
488,,,,,lion,slim,attorney,enlarge,percentage,guestbook,,
489,,,,,cookie,emission,factor,changing,mississippi,abroad,,
490,,,,,calendars,midi,stream,gain,requested,ebony,,
491,,,,,conclusions,recover,eastern,flights,personals,beast,,
492,,,,,neil,villas,auctions,signs,spread,experiment,,
493,,,,,cleaner,ceramic,entries,whatever,supporting,bmw,,
494,,,,,cad,minds,dates,logged,participate,absence,,
495,,,,,crowd,delivers,limit,vintage,plug,everybody,,
496,,,,,decline,musicians,efforts,checkout,specialist,sublime,,
497,,,,,cord,cms,sorted,forgot,sporting,acceptable,,
498,,,,,cloud,mason,essential,handling,helping,globe,,
499,,,,,flickr,vic,myself,origin,perl,nobody,,
500,,,,,knife,mario,tours,gaming,plate,stability,,
501,,,,,denied,advised,affiliate,suggestions,proceedings,boss,,
502,,,,,workforce,divine,immediately,shared,developers,metabolism,,
503,,,,,nodes,venues,recovery,strategic,equivalent,excellence,,
504,,,,,founder,calcium,motorola,judge,template,attributes,,
505,,,,,decade,moms,intended,fight,prince,brass,,
506,,,,,drinks,morocco,towards,height,psychology,publish,,
507,,,,,ace,oliver,election,netherlands,responses,thumbnail,,
508,,,,,carol,nav,affiliates,consulting,appliances,booty,,
509,,,,,oakland,olive,mount,designer,speaking,acrobat,,
510,,,,,suicide,lover,smart,managed,sponsors,behaviour,,
511,,,,,juice,dam,latin,marriage,respond,edinburgh,,
512,,,,,sauce,dominican,multimedia,negative,plain,excel,,
513,,,,,rfc,solomon,certified,theater,setup,obligation,,
514,,,,,downloaded,vocal,element,healthy,poll,campbell,,
515,,,,,decades,volumes,interactive,figures,portion,harbor,,
516,,,,,nissan,advances,facts,sharing,scope,republican,,
517,,,,,ins,lemon,identify,waiting,hampshire,enables,,
518,,,,,locked,vienna,domestic,gratis,supplier,builder,,
519,,,,,fusion,univ,mental,slightly,requirement,tabs,,
520,,,,,screens,microwave,moment,lingerie,pregnancy,expanded,,
521,,,,,nurses,salvador,attack,legislation,opened,extras,,
522,,,,,lanka,monroe,sorry,calling,upcoming,bulgaria,,
523,,,,,announces,foam,centers,serving,adopted,broker,,
524,,,,,corn,jvc,counter,houses,specialty,believed,,
525,,,,,seasonal,venice,ontario,finish,hop,exposed,,
526,,,,,norfolk,millennium,minnesota,singles,portland,experiments,,
527,,,,,carriers,vessel,native,hunter,concepts,boost,,
528,,,,,seniors,viruses,movement,chairman,pure,burn,,
529,,,,,lawn,mem,draft,oklahoma,qualified,labs,,
530,,,,,lawn,samoa,contacts,gender,mysql,bread,,
531,,,,,drunk,macromedia,adventure,agriculture,replace,tobacco,,
532,,,,,nose,divisions,assistant,cleaning,pdt,roberts,,
533,,,,,oclc,swim,yesterday,originally,parameter,billy,,
534,,,,,alien,invalid,determined,regulation,adapter,capability,,
535,,,,,juan,males,seattle,recording,processor,contributed,,
536,,,,,cod,vii,statements,regions,laptops,trembl,,
537,,,,,discs,slovenia,teams,rings,supreme,blvd,,
538,,,,,inclusion,females,fort,meaning,presents,hybrid,,
539,,,,,wanna,fever,senate,henry,inspection,bigger,,
540,,,,,cole,drums,funny,guess,weapons,billing,,
541,,,,,candle,rover,turned,agreed,paint,combine,,
542,,,,,colored,recommends,tried,whom,pilot,exceed,,
543,,,,,docs,flame,electrical,math,pan,cuba,,
544,,,,,renewal,mono,returned,healthcare,episode,babies,,
545,,,,,coin,americas,warranty,viewing,potter,albert,,
546,,,,,salon,elvis,dedicated,increasing,plays,examine,,
547,,,,,cure,immune,direction,christ,epinions,bristol,,
548,,,,,asin,jamie,delete,dogs,painting,rugby,,
549,,,,,florence,minerals,cast,ahead,patent,bandwidth,,
550,,,,,scenario,advise,felt,scheme,psp,baskets,,
551,,,,,faced,survive,identified,containing,perspective,probability,,
552,,,,,weekends,menus,stated,strength,planned,barry,,
553,,,,,noon,reveal,stats,guaranteed,liquid,webcam,,
554,,,,,sender,amino,carry,degrees,loop,quebec,,
555,,,,,crucial,mls,maintain,seeking,properly,symbols,,
556,,,,,races,missions,tourism,inches,empire,flexibility,,
557,,,,,ranked,dive,newsletters,shares,prepare,boundary,,
558,,,,,occasions,saddam,adults,daughter,depending,believes,,
559,,,,,scanners,jerusalem,atom,standing,helped,robot,,
560,,,,,necklace,nickname,estimated,ordering,premier,broadway,,
561,,,,,cedar,div,anonymous,hey,purchased,noble,,
562,,,,,licenses,informal,wants,household,performing,extensions,,
563,,,,,wellness,relevance,alert,smoking,push,lebanon,,
564,,,,,indians,numerical,atlanta,avg,implement,toolbar,,
565,,,,,concluded,sodium,dakota,achieve,polls,basically,,
566,,,,,nascar,naval,interview,utah,typical,axis,,
567,,,,,iceland,medieval,installed,hide,temporary,habitat,,
568,,,,,candles,avi,credits,signature,province,bachelor,,
569,,,,,sacred,cameron,clearly,clothes,spyware,basics,,
570,,,,,undefined,valium,sweet,adding,packaging,binary,,
571,,,,,scored,journalism,criteria,grow,pakistan,besides,,
572,,,,,clone,mainland,associate,hiv,periods,observation,,
573,,,,,silicon,slovakia,truck,feeling,wallpaper,embedded,,
574,,,,,cnn,sim,ray,hidden,symptoms,liable,,
575,,,,,unions,nervous,votes,seeing,happens,brochure,,
576,,,,,scales,mcdonald,duty,hole,preferences,bestsellers,,
577,,,,,silence,calm,festival,finished,spy,belief,,
578,,,,,scsi,davidson,train,yeah,split,bikini,,
579,,,,,focuses,amend,dry,hills,powers,texts,,
580,,,,,dns,sims,maryland,fourth,pregnant,brokers,,
581,,,,,darkness,medal,nearly,irish,egypt,bidder,,
582,,,,,nail,vessels,reality,suggested,physician,ban,,
583,,,,,inns,knives,destination,greatest,wikipedia,xhtml,,
584,,,,,wines,invoice,scotland,generic,spiritual,ext,,
585,,,,,clouds,cave,faster,usage,chip,beam,,
586,,,,,reunion,marina,nations,charts,photographs,obligations,,
587,,,,,ecuador,overcome,route,continuing,mapping,adjustable,,
588,,,,,accessed,reminder,residential,wheel,represents,blogging,,
589,,,,,coral,riverside,industries,lights,superior,blade,,
590,,,,,colin,sullivan,editorial,tracking,preferred,oxygen,,
591,,,,,acids,amanda,cent,angel,paying,beef,,
592,,,,,lauren,novels,recreation,receiving,spending,robin,,
593,,,,,scroll,verse,secret,matches,employed,robinson,,
594,,,,,nano,comm,kelly,width,poverty,rainbow,,
595,,,,,colours,midlands,austin,engines,piano,subscriber,,
596,,,,,confused,invasion,favorites,forget,que,explains,,
597,,,,,accused,mailed,toronto,alcohol,patrick,bookstore,,
598,,,,,defines,medicaid,translation,greek,puerto,incredible,,
599,,,,,cfr,mere,estimates,managing,displays,britney,,
600,,,,,socks,marker,font,walking,plasma,thumbs,,
601,,,,,surfaces,monaco,assets,gnu,voip,hub,,
602,,,,,clocks,vaccine,injury,mathematics,landscape,gamecube,,
603,,,,,wallace,volvo,ministry,managers,dependent,excerpt,,
604,,,,,cuisine,ver,lawyer,heritage,applicant,climbing,,
605,,,,,arnold,rim,toward,holding,cooperation,albany,,
606,,,,,radical,oval,assist,coach,acquisition,somebody,,
607,,,,,widescreen,soma,conduct,assigned,ports,gbp,,
608,,,,,curious,manor,contained,ages,implemented,amber,,
609,,,,,sudan,disclaimers,matters,virgin,rapid,colombia,,
610,,,,,rec,nam,tennessee,hat,pull,distributor,,
611,,,,,ciao,minus,controls,searching,deposit,arabia,,
612,,,,,knee,armenia,ultimate,organic,specify,extract,,
613,,,,,injured,varied,introduced,cheats,templates,payable,,
614,,,,,courier,mess,residents,guests,depends,automobile,,
615,,,,,irc,milan,noted,hosted,poland,bracelet,,
616,,,,,renaissance,vocals,forecast,concerning,completion,ruby,,
617,,,,,ordinance,muslims,cycle,chemistry,upload,beads,,
618,,,,,oscar,reveals,amounts,thailand,pulse,exploration,,
619,,,,,joan,devon,contain,agenda,technique,proxy,,
620,,,,,duck,screensaver,accuracy,logic,strip,mlb,,
621,,,,,canal,saves,creation,grants,pearl,berkeley,,
622,,,,,clinics,marion,static,anywhere,plot,bikes,,
623,,,,,cow,enormous,lady,leaving,qty,bishop,,
624,,,,,offense,karma,crystal,cooking,typically,examined,,
625,,,,,inline,academics,writer,launch,pump,submissions,,
626,,,,,closure,mardi,academy,checking,consumption,mobility,,
627,,,,,enrolled,marcus,dynamic,holy,putting,builders,,
628,,,,,sensors,mild,eat,guidance,ownership,bedding,,
629,,,,,screw,civilian,constitutes,mesh,antique,bearing,,
630,,,,,acer,mesa,seat,highway,antiques,brad,,
631,,,,,ons,dem,intel,hardcover,operators,combo,,
632,,,,,uncle,wav,utilities,glossary,philippines,tablet,,
633,,,,,sink,modular,reduction,channels,pcs,subscribers,,
634,,,,,carlos,macedonia,nutrition,chocolate,employers,mitsubishi,,
635,,,,,reno,memo,toll,authorities,parallel,basin,,
636,,,,,donna,solved,secondary,historic,operate,byte,,
637,,,,,andreas,enemies,ticket,attached,opera,latex,,
638,,,,,consensus,emma,instant,financing,newspapers,branches,,
639,,,,,cordless,eva,mentioned,mouth,hospitals,broke,,
640,,,,,klein,smell,automatic,jewish,pursuant,complexity,,
641,,,,,circular,carnival,maintained,gun,primarily,browsing,,
642,,,,,auckland,divide,majority,relating,pmid,barcelona,,
643,,,,,reduces,deserve,connected,neither,para,bargains,,
644,,,,,rna,mas,directors,howard,adoption,pixels,,
645,,,,,nuke,dom,austria,engineer,improving,anybody,,
646,,,,,nicole,vacancies,utility,checks,capture,bunch,,
647,,,,,windsor,nerve,fly,reached,pounds,exercises,,
648,,,,,confusion,viii,amendment,sugar,plane,substitute,,
649,,,,,eco,markers,turkey,legs,programmes,brilliant,,
650,,,,,indie,surname,delta,genre,camping,bull,,
651,,,,,unified,vernon,convention,enhance,peer,breath,,
652,,,,,fallen,favors,comfort,hockey,tampa,herbal,,
653,,,,,colonial,reforms,disney,colleges,python,expenditure,,
654,,,,,decreased,mil,tea,showed,ftp,brooklyn,,
655,,,,,snake,valued,trees,challenges,proposals,excluding,,
656,,,,,succeed,verde,sky,threads,portugal,turbo,,
657,,,,,leonard,coleman,outdoors,recognition,captain,bomb,,
658,,,,,collar,eval,certainly,encourage,purchasing,brush,,
659,,,,,racial,medicines,toy,regulatory,scripts,expansys,,
660,,,,,delicious,oman,circuit,manchester,appointed,bowling,,
661,,,,,sends,advisors,layer,resulting,operational,approx,,
662,,,,,ellen,avon,trademark,idaho,trips,arabic,,
663,,,,,racks,flavor,kentucky,dish,gap,sixth,,
664,,,,,lace,malawi,mostly,outstanding,productions,celebrities,,
665,,,,,duncan,vcr,taylor,eating,proud,boundaries,,
666,,,,,col,remedies,factory,watching,shipped,celebration,,
667,,,,,ronald,maui,interior,lodge,approaches,exotic,,
668,,,,,locale,realm,relative,messenger,stamps,luxembourg,,
669,,,,,runner,smilies,dot,sterling,appeared,benjamin,,
670,,,,,skins,vids,identity,gray,pleasure,butter,,
671,,,,,defend,doom,suites,catalogue,asp,burden,,
672,,,,,frederick,eleven,victoria,charged,desktops,blend,,
673,,,,,infrared,wives,ratio,chosen,pants,cbs,,
674,,,,,une,mods,onto,greece,prayer,bow,,
675,,,,,cia,musician,tennis,sarah,appointment,phpbb,,
676,,,,,neo,revisions,instance,hate,workshops,probe,,
677,,,,,lenders,armor,tim,nights,quiet,excited,,
678,,,,,cons,remark,lawyers,gourmet,postage,balanced,,
679,,,,,sonic,varies,sydney,guard,producer,prescribed,,
680,,,,,essence,msie,stress,saving,represented,debug,,
681,,,,,loc,convinced,trends,remaining,par,explicit,,
682,,,,,worn,viral,evolution,gary,principle,ebook,,
683,,,,,darwin,filme,stations,illegal,picks,exclude,,
684,,,,,ranks,mold,structures,hundreds,applies,brooks,,
685,,,,,wilderness,dame,interracial,visiting,appearance,exceptional,,
686,,,,,sandra,mud,transit,lunch,apache,anxiety,,
687,,,,,discusses,calvin,salt,guinea,apart,bingo,,
688,,,,,andale,emerald,array,findings,proteins,xanax,,
689,,,,,newer,cove,accurate,featuring,pen,ebooks,,
690,,,,,cooler,nvidia,climate,clicking,christopher,unavailable,,
691,,,,,ascii,muscles,instruction,scheduled,epson,blair,,
692,,,,,donor,serum,annotation,chicken,cpu,burns,,
693,,,,,diane,decimal,sister,shower,parliament,beijing,,
694,,,,,andrea,miracle,newest,sending,municipal,brunswick,,
695,,,,,disco,omissions,aircraft,tonight,pipe,abortion,,
696,,,,,endif,marvel,conflict,holdem,temple,blast,,
697,,,,,cleaners,worm,conducted,shell,prove,membrane,,
698,,,,,una,remainder,connecticut,catholic,promise,bangladesh,,
699,,,,,lender,mime,immediate,governor,prefer,bend,,
700,,,,,clarke,molecules,collections,swimming,mph,brake,,
701,,,,,sudden,receivers,affect,catch,tropical,exterior,,
702,,,,,lions,variance,institution,northwest,composition,botswana,,
703,,,,,findlaw,cameroon,directed,merchandise,purple,cyber,,
704,,,,,claire,marijuana,affected,forth,pipeline,lambda,,
705,,,,,carroll,nirvana,totally,gateway,prison,baseline,,
706,,,,,carries,invision,indicate,drawing,apparently,cab,,
707,,,,,freelance,madness,favourite,charlotte,popularity,belong,,
708,,,,,lucas,emacs,utc,fighting,inquiry,beatles,,
709,,,,,clicks,dover,contracts,themes,postposted,exchanges,,
710,,,,,insured,numeric,tony,heaven,epa,barnes,,
711,,,,,sunrise,mic,kits,hollywood,spaces,rabbit,,
712,,,,,soc,curves,anyway,asking,escape,exports,,
713,,,,,fence,waiver,continues,hunting,coupons,observer,,
714,,,,,diana,survivor,tracks,shift,progressive,expanding,,
715,,,,,ensures,economies,advisory,cutting,depression,hebrew,,
716,,,,,clan,moses,atlantic,char,graph,enabling,,
717,,,,,andrews,valves,wet,shots,platinum,vegetables,,
718,,,,,consoles,dim,investor,granted,passing,toxic,,
719,,,,,funk,slovak,matt,choices,permitted,thumbnails,,
720,,,,,rand,reservoir,elementary,magnetic,spectrum,sox,,
721,,,,,acre,remind,unlimited,listening,pottery,celebrate,,
722,,,,,surround,mai,entered,registry,emphasis,bahamas,,
723,,,,,finances,drove,keys,header,aspect,mixture,,
724,,,,,rca,mines,costa,echo,workplace,bench,,
725,,,,,cornell,commissions,acts,grid,priced,tub,,
726,,,,,len,moss,trail,sheets,wallpapers,borders,,
727,,,,,considers,mali,enforcement,allowing,princess,borders,,
728,,,,,lucia,dome,crafts,earnings,packet,bobby,,
729,,,,,dans,recovered,styles,mechanical,spray,executed,,
730,,,,,renew,defensive,notify,charter,placement,relax,,
731,,,,,incurred,vanilla,cotton,fig,thompson,namibia,,
732,,,,,locks,arrivals,controlled,licensing,pat,bean,,
733,,,,,cos,mails,dental,teach,adequate,absent,,
734,,,,,fcc,survivors,ancient,hairy,pour,pixel,,
735,,,,,wicked,mae,starts,wheels,replaced,bias,,
736,,,,,junk,moldova,attractions,dutch,stopped,bubble,,
737,,,,,nails,mel,concert,holds,occupation,tribune,,
738,,,,,condo,missile,retirement,editing,pci,exceptions,,
739,,,,,sans,marco,efficiency,voting,pollution,beliefs,,
740,,,,,lean,summaries,comedy,regard,atmosphere,execute,,
741,,,,,recorders,wma,efficient,smooth,operated,cambodia,,
742,,,,,occasional,violin,commitment,flashing,purchases,obtaining,,
743,,,,,casio,modems,edited,threat,queries,beaver,,
744,,,,,ana,acm,constant,sitting,mpeg,distribute,,
745,,,,,drain,dividend,meter,legislative,surprise,bases,,
746,,,,,cardiff,norm,interviews,researchers,lamp,bee,,
747,,,,,cornwall,mia,reflect,gardens,partial,bride,,
748,,,,,leone,mailman,fruit,willing,shoppers,begun,,
749,,,,,onion,somalia,alerts,acting,phil,brunette,,
750,,,,,influenced,movers,treated,heads,couples,essex,,
751,,,,,circles,mrna,discovery,logos,http,beaches,,
752,,,,,scenarios,carmen,lifestyle,hundred,simpson,terrible,,
753,,,,,scenic,viewers,consistent,strange,palace,baptist,,
754,,,,,conclude,resumes,connections,grey,copper,bios,,
755,,,,,annie,favour,inventory,honda,rep,taxation,,
756,,,,,finals,aluminium,converter,drinking,receipt,reasonably,,
757,,,,,refined,evanescence,indicated,enhanced,supposed,bare,,
758,,,,,incidence,maldives,stick,generate,applying,mba,,
759,,,,,asn,firmware,securities,humor,pride,bolivia,,
760,,,,,acne,lime,relation,aged,reporter,exclusively,,
761,,,,,undo,morrison,montana,tight,champion,webster,,
762,,,,,cadillac,maiden,volunteer,flying,personally,bridal,,
763,,,,,dana,arrives,tested,mechanism,plenty,annex,,
764,,,,,referenced,newman,democratic,caught,pdas,tribal,,
765,,,,,inf,mediawiki,storm,agreements,quest,rebate,,
766,,,,,allowance,,editors,considering,api,butler,,
767,,,,,denial,,tank,marshall,pioneer,cookbook,,
768,,,,,nickel,,estimate,massage,plates,expressions,,
769,,,,,surrounded,,navy,closing,stupid,beverage,,
770,,,,,cleared,,limits,thousand,opens,tribute,,
771,,,,,corners,,territory,legend,repeat,barriers,,
772,,,,,owen,,transaction,grace,philips,barrier,,
773,,,,,issn,,delay,ing,penalty,bicycle,,
774,,,,,reliance,,outlet,hamilton,iraqi,thereby,,
775,,,,,insulin,,continuous,engineers,chips,bottles,,
776,,,,,conscious,,initiative,gate,pupils,boxing,,
777,,,,,oecd,,ultra,holder,appreciate,bangkok,,
778,,,,,unlock,,contractor,ethics,polish,bra,,
779,,,,,dice,,indicates,dragon,troops,brisbane,,
780,,,,,dock,,modify,imagine,pine,herbs,,
781,,,,,rwanda,,truly,heating,shopper,manitoba,,
782,,,,,rendered,,committed,leg,partly,bryan,,
783,,,,,ccd,,candidate,wing,pills,hobby,,
784,,,,,councils,,slot,governments,deputy,executives,,
785,,,,,laden,,tournament,dealing,physicians,exploring,,
786,,,,,fleece,,discounts,cache,complaint,timber,,
787,,,,,allan,,stocks,matthew,spanking,publicly,,
788,,,,,leon,,antonio,giant,scholarship,blame,,
789,,,,,fin,,taiwan,achieved,supplements,freebsd,,
790,,,,,uni,,terminal,voltage,keeps,butterfly,,
791,,,,,cliff,,salary,anthony,pound,jacob,,
792,,,,,casa,,reservation,loading,pension,brick,,
793,,,,,focal,,twenty,angle,worship,bridges,,
794,,,,,eden,,newly,highlights,producing,cabin,,
795,,,,,incl,,avatar,mining,precision,boolean,,
796,,,,,influences,,vary,designers,amp,ribbon,,
797,,,,,wound,,tomorrow,ongoing,complaints,exempt,,
798,,,,,cas,,consent,imaging,promotions,abs,,
799,,,,,lined,,downtown,wyoming,passion,barbados,,
800,,,,,cio,,contest,argentina,patches,extends,,
801,,,,,kinase,,collected,dangerous,reception,plumbing,,
802,,,,,crawford,,audit,garage,cyprus,brussels,,
803,,,,,declined,,tower,thongs,geography,tribe,,
804,,,,,rounds,,yours,gcc,appearing,neighbors,,
805,,,,,keen,,calculator,attachment,pleased,superb,,
806,,,,,needle,,attend,ringtone,processed,boom,,
807,,,,,owns,,sufficient,morgan,phrase,exhaust,,
808,,,,,jackie,,vat,honor,paradise,burton,,
809,,,,,cardiac,,measurement,eagle,pad,gibson,,
810,,,,,adrian,,tasks,hurricane,platforms,batch,,
811,,,,,learners,,democracy,mortgages,geographic,mixing,,
812,,,,,sacrifice,,attacks,cheese,preliminary,albuquerque,,
813,,,,,kinda,,const,underground,promotional,gmbh,,
814,,,,,clara,,resistance,diagnosis,compiled,buf,,
815,,,,,andorra,,resorts,gang,specialists,webshots,,
816,,,,,declare,,visitor,fetish,suspension,comparable,,
817,,,,,donors,,twin,lounge,compaq,paperbacks,,
818,,,,,nil,,insert,algorithm,supplement,harbour,,
819,,,,,julian,,dont,gross,portions,keyboards,,
820,,,,,joins,,candidates,strongly,promoting,vulnerable,,
821,,,,,cancelled,,transition,hilton,equation,bat,,
822,,,,,cakes,,instrument,horror,pot,booth,,
823,,,,,occurrence,,twice,douglas,proven,bones,,
824,,,,,disclose,,norway,involving,slip,breed,,
825,,,,,concord,,vermont,investing,quarterly,sussex,,
826,,,,,endorsed,,normally,shoe,rpm,bones,,
827,,,,,lance,,suit,carrying,profits,backed,,
828,,,,,cork,,sit,ethnic,comply,embassy,,
829,,,,,colon,,writers,fifth,chapters,rebecca,,
830,,,,,lanes,,favourites,guardian,pee,volleyball,,
831,,,,,caroline,,relatively,horses,passenger,adipex,,
832,,,,,condos,,cartoon,taught,caps,toolbox,,
833,,,,,endless,,interaction,wings,pill,liabilities,,
834,,,,,currencies,,effectively,genetic,packard,bosnia,,
835,,,,,cannon,,outlook,thin,payday,browsers,,
836,,,,,circus,,treat,ridge,philip,describing,,
837,,,,,enclosed,,revolution,harris,spin,grab,,
838,,,,,cooked,,mystery,shaved,poems,brighton,,
839,,,,,scanned,,journey,turning,displaying,beans,,
840,,,,,sic,,consultants,immigration,equipped,bookmarks,,
841,,,,,closes,,counties,chairs,powder,disable,,
842,,,,,conf,,directories,surrounding,acquired,behavioral,,
843,,,,,cir,,stands,ethernet,attempts,bathrooms,,
844,,,,,isaac,,diversity,checked,impacts,abilities,,
845,,,,,enclosure,,investments,throw,gospel,hereby,,
846,,,,,newark,,latina,rhode,preparing,observe,,
847,,,,,dsc,,sensitive,greg,recipient,berry,,
848,,,,,warned,,formats,navigate,appeals,bermuda,,
849,,,,,neural,,router,somewhat,pending,mobiles,,
850,,,,,wan,,concrete,glance,parker,exhibitions,,
851,,,,,keno,,contractors,scottish,corp,exhibits,,
852,,,,,carlo,,courts,richmond,soap,bacteria,,
853,,,,,indonesian,,notices,covering,triple,fixes,,
854,,,,,render,,calculate,judgment,cooper,durable,,
855,,,,,sen,,detroit,filing,applicants,tablets,,
856,,,,,dense,,converted,modeling,carpet,vegetable,,
857,,,,,cdna,,metro,cartridge,punk,britannica,,
858,,,,,knock,,anniversary,org,dropped,bullet,,
859,,,,,roland,,accident,roger,pace,visibility,,
860,,,,,neon,,accessory,hist,producers,beverly,,
861,,,,,lone,,resident,crash,ralph,bernard,,
862,,,,,cradle,,strike,heights,opposition,tubes,,
863,,,,,ind,,afternoon,shadow,app,biol,,
864,,,,,indices,,surveys,riding,supervisor,bundle,,
865,,,,,cursor,,consultant,grove,corps,exams,,
866,,,,,crude,,controller,healing,peripherals,beneath,,
867,,,,,crossword,,committees,entering,petition,belly,,
868,,,,,scared,,vietnam,rolling,picked,tex,,
869,,,,,,,trailer,grades,departure,disturbed,,
870,,,,,,,castle,digest,minneapolis,fixtures,,
871,,,,,,,malaysia,reg,memphis,bloggers,,
872,,,,,,,stored,lodging,lookup,petersburg,,
873,,,,,,,attorneys,hence,podcast,obituaries,,
874,,,,,,,density,reducing,peru,taxi,,
875,,,,,,,ryan,citysearch,plugin,belarus,,
876,,,,,,,statistical,kings,suppose,thumb,,
877,,,,,,,mention,shooting,opposite,backgrounds,,
878,,,,,,,innovation,flags,rapidly,remembered,,
879,,,,,,,definitions,launched,temp,galaxy,,
880,,,,,,,doctors,elsewhere,happening,expo,,
881,,,,,,,asset,shock,compilation,buried,,
882,,,,,,,elections,arthur,wrap,newbie,,
883,,,,,,,reaction,suggests,sleeping,debut,,
884,,,,,,,entitled,targets,polyphonic,bradley,,
885,,,,,,,stainless,dodge,tops,bali,,
886,,,,,,,monitors,assignment,discipline,cube,,
887,,,,,,,duration,chemicals,camps,breakdown,,
888,,,,,,,edt,gordon,dispatched,subsidiary,,
889,,,,,,,visits,rush,disposal,beneficial,,
890,,,,,,,contrast,whereas,packs,robust,,
891,,,,,,,recruitment,yoga,phd,bookings,,
892,,,,,,,cute,nashville,pentium,republicans,,
893,,,,,,,meant,ranking,quantum,abstracts,,
894,,,,,,,jewellery,counseling,pleasant,fabulous,,
895,,,,,,,meets,glad,requiring,remix,,
896,,,,,,,eventually,warehouse,spoke,battlefield,,
897,,,,,,,innovative,shareware,sampling,submitting,,
898,,,,,,,meat,ghost,inspired,breeding,,
899,,,,,,,monster,configure,passes,excluded,,
900,,,,,,,detection,southwest,pointer,breeds,,
901,,,,,,,formation,knowing,permits,bailey,,
902,,,,,,,tutorial,keith,cooperative,lexmark,,
903,,,,,,,entity,chile,netscape,bulgarian,,
904,,,,,,,moderator,throat,township,aboriginal,,
905,,,,,,,tutorials,ignore,strap,remarkable,,
906,,,,,,,settlement,wealth,tcp,boulevard,,
907,,,,,,,duties,somewhere,olympic,bennett,,
908,,,,,,,tone,dancing,personality,refurbished,,
909,,,,,,,fantastic,screening,proceed,trackbacks,,
910,,,,,,,stereo,jonathan,priorities,approximate,,
911,,,,,,,taste,whenever,parenting,chambers,,
912,,,,,,,commit,forgotten,adopt,chubby,,
913,,,,,,,tiny,athletic,crop,biographies,,
914,,,,,,,jay,thermal,skype,burner,,
915,,,,,,,turns,telling,dispute,gba,,
916,,,,,,,jacket,config,portuguese,excessive,,
917,,,,,,,animation,charity,perfume,unexpected,,
918,,,,,,,aviation,intelligent,reputation,lobby,,
919,,,,,,,disaster,hungary,passage,cowboy,,
920,,,,,,,instructor,segment,pierre,bahrain,,
921,,,,,,,seats,regardless,photograph,betty,,
922,,,,,,,nintendo,rising,lamps,pubs,,
923,,,,,,,vinyl,wishlist,photoshop,subdivision,,
924,,,,,,,worst,insight,projection,tribes,,
925,,,,,,,scientists,merchants,panama,exemption,,
926,,,,,,,convert,thick,isp,cabinets,,
927,,,,,,,analyst,glasses,paintings,algebra,,
928,,,,,,,volunteers,arguments,populations,weblogs,,
929,,,,,,,oriented,grown,protective,belongs,,
930,,,,,,,carefully,charger,pointed,bracelets,,
931,,,,,,,jet,regularly,jpg,breathing,,
932,,,,,,,investors,cooling,preference,briefly,,
933,,,,,,,vacations,gulf,parish,barely,,
934,,,,,,,semester,mechanisms,planner,borough,,
935,,,,,,,calculated,tiger,sequences,voyeurweb,,
936,,,,,,,filters,hunt,coupon,marble,,
937,,,,,,,craft,angels,opt,extending,,
938,,,,,,,andy,thai,rap,briefing,,
939,,,,,,,valentine,afghanistan,pulled,belkin,,
940,,,,,,,till,governance,shaped,blackberry,,
941,,,,,,,elected,chronic,compression,combining,,
942,,,,,,,victory,catering,puts,brandon,,
943,,,,,,,terrorism,finger,perfectly,balloon,,
944,,,,,,,joy,tough,painted,invisible,,
945,,,,,,,editions,gonna,portrait,fbi,,
946,,,,,,,mainly,chest,spears,bind,,
947,,,,,,,actor,emerging,prospective,buck,,
948,,,,,,,situations,craig,equally,tba,,
949,,,,,,,allocated,herself,spectacular,expires,,
950,,,,,,,vertical,churches,soup,bon,,
951,,,,,,,corrections,damages,potentially,garbage,,
952,,,,,,,structural,shorts,processors,combines,,
953,,,,,,,consists,ingredients,pantyhose,beth,,
954,,,,,,,anytime,johnny,plc,bradford,,
955,,,,,,,lecture,franchise,nepal,boring,,
956,,,,,,,simulation,facing,palestinian,obj,,
957,,,,,,,layout,maintaining,frequent,prefix,,
958,,,,,,,initiatives,sight,hispanic,barrel,,
959,,,,,,,lay,hearts,hospitality,boulder,,
960,,,,,,,dirty,integrity,procurement,texture,,
961,,,,,,,wayne,legacy,espn,handbags,,
962,,,,,,,donate,danger,optimal,rebel,,
963,,,,,,,waters,genuine,quit,textile,,
964,,,,,,,evaluate,raising,protocols,lamb,,
965,,,,,,,tiffany,glory,hopefully,tobago,,
966,,,,,,,collect,overnight,spoken,indexes,,
967,,,,,,,toyota,hrs,depend,vocabulary,,
968,,,,,,,streets,chevrolet,repairs,albania,,
969,,,,,,,nationwide,generator,projector,webcams,,
970,,,,,,,vector,graham,comparative,webmasters,,
971,,,,,,,definitely,margaret,surprised,acdbentity,,
972,,,,,,,commentary,showtimes,opposed,wax,,
973,,,,,,,larry,grounds,liverpool,rehab,,
974,,,,,,,lets,regards,spots,ambien,,
975,,,,,,,mutual,hurt,murphy,arbitrary,,
976,,,,,,,necessarily,machinery,phillips,lexington,,
977,,,,,,,everyday,wright,spotlight,builds,,
978,,,,,,,mountains,img,panels,bye,,
979,,,,,,,trend,schedules,repeated,blessed,,
980,,,,,,,cats,cached,spare,explicitly,,
981,,,,,,,desert,grass,pal,explicitly,,
982,,,,,,,oldest,cherry,proportion,excuse,,
983,,,,,,,coordinator,deutsch,symposium,basement,,
984,,,,,,,mercury,achievement,protecting,bloomberg,,
985,,,,,,,steven,earrings,produces,banners,,
986,,,,,,,summit,charlie,quoted,abandoned,,
987,,,,,,,victims,manga,adapters,beats,,
988,,,,,,,fundamental,egg,imports,scuba,,
989,,,,,,,sacramento,signals,supervision,divx,,
990,,,,,,,tells,theft,separation,extraction,,
991,,,,,,,talks,childhood,suspect,batman,,
992,,,,,,,foster,swing,spouse,beverages,,
993,,,,,,,trials,humans,signup,calibration,,
994,,,,,,,tissue,analog,receptor,textbook,,
995,,,,,,,clinton,choosing,pitch,flux,,
996,,,,,,,masters,shoot,premises,derby,,
997,,,,,,,cincinnati,holders,perry,renewable,,
998,,,,,,,electricity,swedish,proved,celebs,,
999,,,,,,,okay,stages,imperial,prix,,
1000,,,,,,,counts,encouraged,deployment,boutique,,
1001,,,,,,,lift,wash,stamp,horrible,,
1002,,,,,,,inter,cartridges,olympus,blocked,,
1003,,,,,,,infection,gnome,separated,libs,,
1004,,,,,,,venture,losing,proc,publicity,,
1005,,,,,,,studios,gadgets,upgrades,belfast,,
1006,,,,,,,involvement,glasgow,pepper,exec,,
1007,,,,,,,motorcycle,advantages,weapon,bucks,,
1008,,,,,,,yard,shore,tapes,badge,,
1009,,,,,,,creates,knight,maple,ballot,,
1010,,,,,,,tourist,linking,depot,lexus,,
1011,,,,,,,mayor,athletics,comp,buses,,
1012,,,,,,,senator,southeast,pie,expedia,,
1013,,,,,,,yield,determining,pete,boating,,
1014,,,,,,,cartoons,teenage,spec,broader,,
1015,,,,,,,tion,migration,penn,ambassador,,
1016,,,,,,,dust,wearing,apparent,beings,,
1017,,,,,,,entirely,sought,permissions,bite,,
1018,,,,,,,donations,genes,packed,habits,,
1019,,,,,,,closely,guns,reproduced,gilbert,,
1020,,,,,,,radiation,herein,peeing,brook,,
1021,,,,,,,diary,hero,equations,ensemble,,
1022,,,,,,,seriously,integer,sept,biblical,,
1023,,,,,,,kent,engaged,spatial,ambient,,
1024,,,,,,,tie,falling,respondents,auburn,,
1025,,,,,,,visited,genetics,prompt,xerox,,
1026,,,,,,,demonstrate,wage,precious,softball,,
1027,,,,,,,federation,hosts,pays,nextel,,
1028,,,,,,,invited,strings,queensland,blocking,,
1029,,,,,,,yards,mitchell,composite,charitable,,
1030,,,,,,,nearest,returning,qualify,buys,,
1031,,,,,,,cluster,killing,hopes,burlington,,
1032,,,,,,,cst,shoulder,pumps,equilibrium,,
1033,,,,,,,twiki,harvard,peoples,aruba,,
1034,,,,,,,satisfied,singer,pos,dubai,,
1035,,,,,,,verify,herald,spider,barn,,
1036,,,,,,,trusted,aging,phys,boc,,
1037,,,,,,,medication,diving,pairs,bald,,
1038,,,,,,,kerry,younger,approve,brochures,,
1039,,,,,,,ordinary,thirty,compound,herb,,
1040,,,,,,,violation,holland,newport,breach,,
1041,,,,,,,mit,sigma,pole,benchmark,,
1042,,,,,,,cloudy,recordings,prague,beginners,,
1043,,,,,,,sentence,gardening,previews,bedford,,
1044,,,,,,,tall,orchestra,pickup,antibody,,
1045,,,,,,,writes,outsourcing,desperate,contributor,,
1046,,,,,,,outcomes,michelle,springfield,desirable,,
1047,,,,,,,toe,dialogue,composed,ballet,,
1048,,,,,,,trans,identifying,petroleum,abraham,,
1049,,,,,,,lifetime,handheld,compete,bumper,,
1050,,,,,,,essays,shut,lips,webpage,,
1051,,,,,,,vital,installing,pond,explosion,,
1052,,,,,,,fairly,switches,profession,banned,,
1053,,,,,,,coastal,thou,separately,briefs,,
1054,,,,,,,traveler,greatly,physiology,mumbai,,
1055,,,,,,,enemy,cycling,participant,motherboard,,
1056,,,,,,,restricted,midnight,friendship,inbox,,
1057,,,,,,,secrets,turkish,passport,nbc,,
1058,,,,,,,lucky,messaging,occupied,samba,,
1059,,,,,,,latter,largely,provincial,robertson,,
1060,,,,,,,trailers,engagement,icq,flex,,
1061,,,,,,,syndrome,rough,ripe,belle,,
1062,,,,,,,attendance,holes,placing,hamburg,,
1063,,,,,,,vista,weddings,stops,carb,,
1064,,,,,,,terry,goto,encryption,explaining,,
1065,,,,,,,foto,arrangement,imposed,beginner,,
1066,,,,,,,amsterdam,stretch,possession,boxed,,
1067,,,,,,,adventures,durham,pty,beginner,,
1068,,,,,,,stewart,furthermore,implied,cubic,,
1069,,,,,,,outcome,feeding,span,labeled,,
1070,,,,,,,lovely,rankings,respondent,serbia,,
1071,,,,,,,centres,measuring,packing,blah,,
1072,,,,,,,jerry,hats,chapel,neighbor,,
1073,,,,,,,tend,sharon,gamespot,bunny,,
1074,,,,,,,trucks,attachments,wordpress,exclusion,,
1075,,,,,,,tokyo,hook,appliance,baking,,
1076,,,,,,,tradition,gloves,compressed,baths,,
1077,,,,,,,candy,skiing,powell,enb,,
1078,,,,,,,telecom,hewlett,hampton,brakes,,
1079,,,,,,,indicators,feelings,therapeutic,climb,,
1080,,,,,,,locate,shelf,pads,blowing,,
1081,,,,,,,trained,timing,impressive,brutal,,
1082,,,,,,,motors,deaths,sheep,arbitration,,
1083,,,,,,,incident,manhattan,cups,removable,,
1084,,,,,,,dynamics,targeted,cheapest,gibraltar,,
1085,,,,,,,minority,everywhere,paste,aberdeen,,
1086,,,,,,,nancy,eng,preserve,bras,,
1087,,,,,,,tones,discharge,poem,belts,,
1088,,,,,,,clay,halloween,repository,blacks,,
1089,,,,,,,towns,sing,praise,rebates,,
1090,,,,,,,correctly,honest,synopsis,burke,,
1091,,,,,,,worry,methodology,prairie,pix,,
1092,,,,,,,carter,housewares,composer,basename,,
1093,,,,,,,vitamin,recycling,hoping,obesity,,
1094,,,,,,,widely,hang,spirits,suburban,,
1095,,,,,,,emotional,coding,imported,vertex,,
1096,,,,,,,fault,slideshow,paths,expired,,
1097,,,,,,,districts,hiking,por,alexandria,,
1098,,,,,,,introduce,headset,acquire,bacterial,,
1099,,,,,,,kate,underlying,cheaper,convertible,,
1100,,,,,,,romantic,hood,equality,bufing,,
1101,,,,,,,jimmy,wrestling,tap,tribunal,,
1102,,,,,,,correction,archived,companion,brunei,,
1103,,,,,,,slowly,chi,squad,banana,,
1104,,,,,,,communicate,gathering,fellowship,mixer,,
1105,,,,,,,infant,chase,patents,sbjct,,
1106,,,,,,,sectors,logical,copyrights,beside,,
1107,,,,,,,fits,diagnostic,updating,rebound,,
1108,,,,,,,studied,athens,compiler,baghdad,,
1109,,,,,,,florist,northeast,campaigns,abu,,
1110,,,,,,,illustrated,judges,airports,liberia,,
1111,,,,,,,continental,arising,packets,bleeding,,
1112,,,,,,,alternate,eggs,parade,expiration,,
1113,,,,,,,limitations,yorkshire,corruption,bless,,
1114,,,,,,,kenya,causing,pendant,greensboro,,
1115,,,,,,,cuts,sunglasses,pmc,blanket,,
1116,,,,,,,nutten,steering,transcript,bloom,,
1117,,,,,,,enjoyed,threshold,myspace,blades,,
1118,,,,,,,automated,tagged,pray,subaru,,
1119,,,,,,,convenient,gates,compounds,forbidden,,
1120,,,,,,,tvs,grew,pope,dumb,,
1121,,,,,,,noticed,coaching,jeep,examining,,
1122,,,,,,,socket,encoding,pit,backing,,
1123,,,,,,,silent,litigation,particles,blake,,
1124,,,,,,,literary,heroes,spell,orbit,,
1125,,,,,,,orientation,ethical,compile,bacon,,
1126,,,,,,,lat,struggle,plymouth,forbes,,
1127,,,,,,,meta,schemes,apps,paxil,,
1128,,,,,,,talent,suffering,inquiries,textiles,,
1129,,,,,,,dated,fisher,inspiration,deborah,,
1130,,,,,,,mint,joining,meetup,gabriel,,
1131,,,,,,,offset,heading,eclipse,bracket,,
1132,,,,,,,elite,guilty,ampland,oxide,,
1133,,,,,,,witness,haven,prep,paintball,,
1134,,,,,,,stones,charm,complicated,paintball,,
1135,,,,,,,entrance,ranch,payroll,playback,,
1136,,,,,,,roots,crossing,uploaded,absorption,,
1137,,,,,,,declaration,cottage,shakespeare,badly,,
1138,,,,,,,automation,delhi,collapse,collectible,,
1139,,,,,,,kennedy,holdings,pros,robots,,
1140,,,,,,,nyc,selecting,gpl,excitement,,
1141,,,,,,,vincent,msg,particle,verbal,,
1142,,,,,,,destruction,thesis,perception,blink,,
1143,,,,,,,slots,thru,pathology,bryant,,
1144,,,,,,,routine,nigeria,operates,librarian,,
1145,,,,,,,titans,ceiling,phi,budgets,,
1146,,,,,,,mounted,ensuring,protest,relaxation,,
1147,,,,,,,animated,legislature,assumption,brave,,
1148,,,,,,,adjustment,gen,enquiries,istanbul,,
1149,,,,,,,treatments,singing,enquiry,asbestos,,
1150,,,,,,,attitude,theoretical,ppc,bolt,,
1151,,,,,,,montreal,starring,playlist,existed,,
1152,,,,,,,struct,nhl,supporters,barbie,,
1153,,,,,,,attended,lung,drops,inexpensive,,
1154,,,,,,,difficulty,highlight,predicted,snowboard,,
1155,,,,,,,collective,sucking,plugins,beastality,,
1156,,,,,,,coalition,gel,prostores,webcast,,
1157,,,,,,,enrollment,omega,accompanied,subtle,,
1158,,,,,,,walter,assignments,princeton,canberra,,
1159,,,,,,,collector,doug,proprietary,mambo,,
1160,,,,,,,interfaces,watched,grip,bool,,
1161,,,,,,,advertisers,thereof,porcelain,beautifully,,
1162,,,,,,,moments,grill,pichunter,blond,,
1163,,,,,,,atlas,households,captured,expects,,
1164,,,,,,,torture,rogers,pins,fabrics,,
1165,,,,,,,deleted,grain,diploma,antibodies,,
1166,,,,,,,coat,authentic,polo,burst,,
1167,,,,,,,restoration,regime,copying,bouquet,,
1168,,,,,,,container,wishes,rpg,bbs,,
1169,,,,,,,defendant,montgomery,patricia,fibre,,
1170,,,,,,,inkjet,macintosh,prot,halifax,,
1171,,,,,,,actors,ranging,perth,assembled,,
1172,,,,,,,antenna,hanging,tgp,examines,,
1173,,,,,,,roy,loving,episodes,bored,,
1174,,,,,,,diameter,routing,snap,bother,,
1175,,,,,,,ottawa,elegant,happiness,budapest,,
1176,,,,,,,literacy,gains,olympics,bhutan,,
1177,,,,,,,attraction,genealogy,jpeg,automobiles,,
1178,,,,,,,invite,scoring,startup,bent,,
1179,,,,,,,latinas,algorithms,swap,subjective,,
1180,,,,,,,moderate,hacker,crops,lightbox,,
1181,,,,,,,terror,margin,impression,robbie,,
1182,,,,,,,understood,headed,flip,arbor,,
1183,,,,,,,dealtime,arch,capitol,,,
1184,,,,,,,intro,thinks,replica,,,
1185,,,,,,,vast,thats,transparent,,,
1186,,,,,,,outline,suggestion,champions,,,
1187,,,,,,,amendments,hdtv,projectors,,,
1188,,,,,,,tramadol,harm,comparing,,,
1189,,,,,,,fonts,investigate,speaks,,,
1190,,,,,,,ent,thy,copied,,,
1191,,,,,,,veterans,connecting,pharmacies,,,
1192,,,,,,,attractive,logistics,appreciated,,,
1193,,,,,,,victim,tongue,projected,,,
1194,,,,,,,sunset,danish,assumptions,,,
1195,,,,,,,tracked,honey,rip,,,
1196,,,,,,,lottery,drawings,anticipated,,,
1197,,,,,,,allocation,gauge,completing,,,
1198,,,,,,,essay,rachel,sprint,,,
1199,,,,,,,amy,solving,copyrighted,,,
1200,,,,,,,trace,screenshots,inputs,,,
1201,,,,,,,florists,chains,polar,,,
1202,,,,,,,voluntary,kingston,precise,,,
1203,,,,,,,consult,engage,respiratory,,,
1204,,,,,,,commonly,switching,lip,,,
1205,,,,,,,cry,cheat,sap,,,
1206,,,,,,,murray,gym,proceeds,,,
1207,,,,,,,intent,filtering,deeply,,,
1208,,,,,,,constructed,threats,patio,,,
1209,,,,,,,additions,reaching,optics,,,
1210,,,,,,,tee,damaged,pursue,,,
1211,,,,,,,suddenly,laugh,quotations,,,
1212,,,,,,,canyon,surgical,inspector,,,
1213,,,,,,,meters,teeth,oops,,,
1214,,,,,,,merely,cloth,plains,,,
1215,,,,,,,cricket,studying,trap,,,
1216,,,,,,,stroke,colleagues,nonprofit,,,
1217,,,,,,,transfers,cargo,suspended,,,
1218,,,,,,,entities,luggage,pts,,,
1219,,,,,,,customs,chef,replied,,,
1220,,,,,,,roulette,stylish,rrp,,,
1221,,,,,,,facilitate,grocery,recipients,,,
1222,,,,,,,fotos,offshore,spencer,,,
1223,,,,,,,donation,governing,nasdaq,,,
1224,,,,,,,outer,kenneth,ipaq,,,
1225,,,,,,,tales,harrison,competitors,,,
1226,,,,,,,katrina,attending,deposits,,,
1227,,,,,,,cited,recruiting,reprints,,,
1228,,,,,,,lite,traveling,attempted,,,
1229,,,,,,,twelve,outreach,priest,,,
1230,,,,,,,tired,helen,queue,,,
1231,,,,,,,titten,mounting,spelling,,,
1232,,,,,,,steam,catherine,quarters,,,
1233,,,,,,,acute,chuck,sculpture,,,
1234,,,,,,,stood,hon,poly,,,
1235,,,,,,,tons,whilst,passengers,,,
1236,,,,,,,restore,fingers,quantities,,,
1237,,,,,,,stack,arranged,powerpoint,,,
1238,,,,,,,resistant,lang,surplus,,,
1239,,,,,,,democrats,theaters,punishment,,,
1240,,,,,,,creator,raleigh,providence,,,
1241,,,,,,,tracker,designing,incorporate,,,
1242,,,,,,,variation,threaded,ethiopia,,,
1243,,,,,,,transferred,diagram,dpi,,,
1244,,,,,,,trunk,attach,scripting,,,
1245,,,,,,,jelsoft,removing,snapshot,,,
1246,,,,,,,courtesy,ranges,specifics,,,
1247,,,,,,,criticism,hudson,partially,,,
1248,,,,,,,statutory,calgary,sponsorship,,,
1249,,,,,,,retired,streaming,headphones,,,
1250,,,,,,,detected,chose,proceeding,,,
1251,,,,,,,injection,dialog,comparisons,,,
1252,,,,,,,acoustic,addressing,viewpicture,,,
1253,,,,,,,railway,shield,promised,,,
1254,,,,,,,cassette,harvest,penny,,,
1255,,,,,,,initially,mothers,porter,,,
1256,,,,,,,indicator,graduation,responded,,,
1257,,,,,,,mistake,mega,alpine,,,
1258,,,,,,,norton,sailing,prediction,,,
1259,,,,,,,eliminate,chrome,spice,,,
1260,,,,,,,fortune,greeting,implies,,,
1261,,,,,,,cemetery,ecology,appraisal,,,
1262,,,,,,,croatia,congo,periodic,,,
1263,,,,,,,stadium,glen,prospect,,,
1264,,,,,,,stem,synthesis,shipment,,,
1265,,,,,,,astronomy,enhancement,shapes,,,
1266,,,,,,,contests,angry,envelope,,,
1267,,,,,,,translate,norwegian,rapids,,,
1268,,,,,,,costume,honolulu,prospects,,,
1269,,,,,,,voted,thomson,preventing,,,
1270,,,,,,,adjusted,wondering,productive,,,
1271,,,,,,,tune,seating,gdp,,,
1272,,,,,,,counters,collecting,pig,,,
1273,,,,,,,tin,omaha,compliant,,,
1274,,,,,,,instantly,chad,penalties,,,
1275,,,,,,,cultures,heather,politicians,,,
1276,,,,,,,trek,josh,premiere,,,
1277,,,,,,,lycos,sunshine,symphony,,,
1278,,,,,,,artwork,drag,accepting,,,
1279,,,,,,,cosmetic,somehow,pools,,,
1280,,,,,,,resulted,yamaha,speeds,,,
1281,,,,,,,terrorist,gained,rope,,,
1282,,,,,,,ties,rochester,programmer,,,
1283,,,,,,,neutral,dying,dump,,,
1284,,,,,,,rat,homework,incomplete,,,
1285,,,,,,,ultimately,filling,plaintiff,,,
1286,,,,,,,artificial,organ,prisoners,,,
1287,,,,,,,connector,stronger,deeper,,,
1288,,,,,,,affiliated,stockings,egyptian,,,
1289,,,,,,,activation,shelter,punch,,,
1290,,,,,,,naturally,guided,queens,,,
1291,,,,,,,jury,scheduling,vip,,,
1292,,,,,,,tail,logging,harper,,,
1293,,,,,,,violent,christians,wrapping,,,
1294,,,,,,,constraints,accordingly,telephony,,,
1295,,,,,,,toner,architect,graphical,,,
1296,,,,,,,anymore,challenging,aerospace,,,
1297,,,,,,,locator,harder,adapted,,,
1298,,,,,,,constantly,ash,pamela,,,
1299,,,,,,,documentary,unsigned,specifies,,,
1300,,,,,,,territories,staying,microphone,,,
1301,,,,,,,nylon,theories,partition,,,
1302,,,,,,,rocky,landing,qatar,,,
1303,,,,,,,trim,signing,porsche,,,
1304,,,,,,,fleet,cgi,posing,,,
1305,,,,,,,untitled,showcase,hopkins,,,
1306,,,,,,,totals,integral,puppy,,,
1307,,,,,,,marriott,generating,graphs,,,
1308,,,,,,,distinct,christina,aqua,,,
1309,,,,,,,turner,hardly,accepts,,,
1310,,,,,,,cents,focusing,patrol,,,
1311,,,,,,,reuters,achieving,pest,,,
1312,,,,,,,todd,fisheries,promises,,,
1313,,,,,,,evaluated,leasing,responding,,,
1314,,,,,,,stayed,ashley,physically,,,
1315,,,,,,,termination,wages,attempting,,,
1316,,,,,,,movements,genres,promo,,,
1317,,,,,,,amenities,chaos,competing,,,
1318,,,,,,,virtually,lithuania,phrases,,,
1319,,,,,,,mart,wheat,peninsula,,,
1320,,,,,,,tale,chronicles,speeches,,,
1321,,,,,,,lynn,readings,typing,,,
1322,,,,,,,formerly,enlargement,planets,,,
1323,,,,,,,situated,eagles,pointing,,,
1324,,,,,,,std,indigenous,coupled,,,
1325,,,,,,,strictly,anchor,floppy,,,
1326,,,,,,,stanley,trigger,dept,,,
1327,,,,,,,retailer,cholesterol,pirates,,,
1328,,,,,,,vitamins,gathered,consequence,,,
1329,,,,,,,sisters,hiring,perceived,,,
1330,,,,,,,critics,arthritis,makeup,,,
1331,,,,,,,similarly,theorem,presenting,,,
1332,,,,,,,solely,thee,pac,,,
1333,,,,,,,voters,ruth,erp,,,
1334,,,,,,,justin,contracting,earthquake,,,
1335,,,,,,,interval,chicks,vpn,,,
1336,,,,,,,tricks,hung,pushed,,,
1337,,,,,,,reset,graduates,impressed,,,
1338,,,,,,,assault,controlling,slope,,,
1339,,,,,,,tri,assuming,poet,,,
1340,,,,,,,monkey,arlington,conspiracy,,,
1341,,,,,,,skirt,floating,epic,,,
1342,,,,,,,invest,indicating,preceding,,,
1343,,,,,,,analyses,hottest,planes,,,
1344,,,,,,,atomic,alleged,pokemon,,,
1345,,,,,,,essentials,warnings,amplifier,,,
1346,,,,,,,junction,mag,prominent,,,
1347,,,,,,,mat,gsm,postings,,,
1348,,,,,,,transmitted,affecting,postcards,,,
1349,,,,,,,ted,freight,potato,,,
1350,,,,,,,intensive,downloading,panic,,,
1351,,,,,,,deviant,shuttle,cheque,,,
1352,,,,,,,sandy,aggregate,complement,,,
1353,,,,,,,testimony,stunning,passive,,,
1354,,,,,,,mandatory,chem,requesting,,,
1355,,,,,,,syndication,decorating,lap,,,
1356,,,,,,,adjacent,hints,ping,,,
1357,,,,,,,tuition,gif,stopping,,,
1358,,,,,,,destroy,techno,hypothesis,,,
1359,,,,,,,citation,offerings,palmer,,,
1360,,,,,,,autos,martha,peaceful,,,
1361,,,,,,,lotus,genesis,pontiac,,,
1362,,,,,,,tan,argue,passwords,,,
1363,,,,,,,directive,furnishings,propose,,,
1364,,,,,,,mate,letting,pavilion,,,
1365,,,,,,,starter,guatemala,pillow,,,
1366,,,,,,,retailers,humidity,precisely,,,
1367,,,,,,,alt,hughes,spreading,,,
1368,,,,,,,finest,chess,provinces,,,
1369,,,,,,,realty,configured,paraguay,,,
1370,,,,,,,janet,lying,parcel,,,
1371,,,,,,,autumn,technician,widespread,,,
1372,,,,,,,toilet,washing,predict,,,
1373,,,,,,,jackets,staffing,peterson,,,
1374,,,,,,,routes,cognitive,palestine,,,
1375,,,,,,,tied,registrar,listprice,,,
1376,,,,,,,timely,showers,atmospheric,,,
1377,,,,,,,talked,ruling,ppm,,,
1378,,,,,,,delayed,withdrawal,parental,,,
1379,,,,,,,calculation,hourly,proposition,,,
1380,,,,,,,newton,geneva,pressing,,,
1381,,,,,,,unto,handed,apt,,,
1382,,,,,,,annually,mechanics,prepaid,,,
1383,,,,,,,atm,heavily,duplicate,,,
1384,,,,,,,sunny,swingers,performs,,,
1385,,,,,,,advocacy,headers,plastics,,,
1386,,,,,,,stud,geek,postcard,,,
1387,,,,,,,essentially,defining,elephant,,,
1388,,,,,,,assessments,counting,psi,,,
1389,,,,,,,footwear,hormone,pct,,,
1390,,,,,,,victor,meanwhile,accomplish,,,
1391,,,,,,,utils,timothy,qld,,,
1392,,,,,,,sensitivity,childrens,pas,,,
1393,,,,,,,trails,thehun,stephanie,,,
1394,,,,,,,isolated,casting,specially,,,
1395,,,,,,,interim,shortly,aquatic,,,
1396,,,,,,,assisted,scanning,podcasts,,,
1397,,,,,,,intensity,delivering,outputs,,,
1398,,,,,,,syndicate,horn,phenomenon,,,
1399,,,,,,,antivirus,uganda,prostate,,,
1400,,,,,,,discounted,frog,adaptor,,,
1401,,,,,,,constitute,grammar,pledge,,,
1402,,,,,,,locally,disagree,vampire,,,
1403,,,,,,,variations,harvey,quad,,,
1404,,,,,,,addiction,logs,dispatch,,,
1405,,,,,,,tommy,gregory,papua,,,
1406,,,,,,,delays,anger,picking,,,
1407,,,,,,,newcastle,chances,openings,,,
1408,,,,,,,velocity,arg,replacing,,,
1409,,,,,,,relay,glenn,occupations,,,
1410,,,,,,,tears,geo,pockets,,,
1411,,,,,,,societies,conducting,pork,,,
1412,,,,,,,identical,kissing,inquire,,,
1413,,,,,,,ist,handy,pipes,,,
1414,,,,,,,retention,geometry,privilege,,,
1415,,,,,,,soundtrack,guild,develops,,,
1416,,,,,,,malta,gorgeous,qualifying,,,
1417,,,,,,,daddy,dishes,pushing,,,
1418,,,,,,,ferry,chrysler,llp,,,
1419,,,,,,,tire,fragrance,pediatric,,,
1420,,,,,,,electron,charleston,pierce,,,
1421,,,,,,,motel,handled,sperm,,,
1422,,,,,,,treasury,legends,craps,,,
1423,,,,,,,warrant,shanghai,prefers,,,
1424,,,,,,,sys,farming,tmp,,,
1425,,,,,,,royalty,introducing,suspected,,,
1426,,,,,,,rally,ghana,competent,,,
1427,,,,,,,strain,edges,pastor,,,
1428,,,,,,,ceremony,handles,phases,,,
1429,,,,,,,arrested,harmony,disciplines,,,
1430,,,,,,,rely,asthma,opponent,,,
1431,,,,,,,medications,regulated,pasta,,,
1432,,,,,,,laundry,triangle,simplified,,,
1433,,,,,,,stuck,hydrogen,wrapped,,,
1434,,,,,,,adjust,chick,champagne,,,
1435,,,,,,,advertiser,genome,propecia,,,
1436,,,,,,,soviet,thong,dip,,,
1437,,,,,,,treaty,coaches,employ,,,
1438,,,,,,,trainer,sage,penguin,,,
1439,,,,,,,nuts,arrange,inspections,,,
1440,,,,,,,stanford,honors,reprint,,,
1441,,,,,,,statute,ignored,penetration,,,
1442,,,,,,,rejected,msgid,mpg,,,
1443,,,,,,,satisfy,evaluating,qualities,,,
1444,,,,,,,destroyed,gather,prototype,,,
1445,,,,,,,manufacture,forming,importantly,,,
1446,,,,,,,layers,slight,petite,,,
1447,,,,,,,accredited,amongst,apparatus,,,
1448,,,,,,,mortality,msgstr,upc,,,
1449,,,,,,,lectures,surfing,pens,,,
1450,,,,,,,nursery,lightning,strips,,,
1451,,,,,,,accidents,lending,gossip,,,
1452,,,,,,,travesti,searched,empirical,,,
1453,,,,,,,relocation,insights,dependence,,,
1454,,,,,,,stuart,integrate,polyester,,,
1455,,,,,,,tender,sociology,sapphire,,,
1456,,,,,,,violations,screenshot,privileges,,,
1457,,,,,,,discretion,ought,pvc,,,
1458,,,,,,,tft,throws,spies,,,
1459,,,,,,,cosmetics,hungarian,thinkpad,,,
1460,,,,,,,easter,referring,preston,,,
1461,,,,,,,jeremy,wichita,peas,,,
1462,,,,,,,estonia,uruguay,disposition,,,
1463,,,,,,,veteran,tuning,adaptive,,,
1464,,,,,,,streams,gotten,computed,,,
1465,,,,,,,katie,highs,landscapes,,,
1466,,,,,,,realistic,humanities,computation,,,
1467,,,,,,,float,wanting,sparc,,,
1468,,,,,,,contrary,scratch,predictions,,,
1469,,,,,,,admitted,launches,emperor,,,
1470,,,,,,,dairy,alignment,malpractice,,,
1471,,,,,,,admit,henderson,reporters,,,
1472,,,,,,,fancy,nhs,proudly,,,
1473,,,,,,,stickers,ugly,pulling,,,
1474,,,,,,,reactions,hart,hepatitis,,,
1475,,,,,,,relate,accessing,waterproof,,,
1476,,,,,,,forests,nicholas,pale,,,
1477,,,,,,,concerts,hammer,specialties,,,
1478,,,,,,,martial,strengthen,gaps,,,
1479,,,,,,,victorian,seventh,impaired,,,
1480,,,,,,,retain,gods,pam,,,
1481,,,,,,,tunnel,welsh,painful,,,
1482,,,,,,,mastercard,aggressive,pensions,,,
1483,,,,,,,decorative,haiti,prayers,,,
1484,,,,,,,unity,fitting,cop,,,
1485,,,,,,,conjunction,agrees,paragraphs,,,
1486,,,,,,,rats,cheers,mpegs,,,
1487,,,,,,,instances,dig,demographic,,,
1488,,,,,,,validation,gravity,respected,,,
1489,,,,,,,stat,guitars,upset,,,
1490,,,,,,,incentives,flooring,springer,,,
1491,,,,,,,notified,lightweight,portraits,,,
1492,,,,,,,dramatic,mighty,interpreted,,,
1493,,,,,,,routers,athletes,helicopter,,,
1494,,,,,,,scientist,humanity,pencil,,,
1495,,,,,,,reflects,holmes,performer,,,
1496,,,,,,,surely,scholars,sphere,,,
1497,,,,,,,inflation,gis,powerseller,,,
1498,,,,,,,stylus,chester,surprising,,,
1499,,,,,,,structured,caring,purse,,,
1500,,,,,,,cattle,synthetic,compromise,,,
1501,,,,,,,treasure,shaw,namespace,,,
1502,,,,,,,levitra,segments,peripheral,,,
1503,,,,,,,tanks,stomach,opponents,,,
1504,,,,,,,monetary,generations,triumph,,,
1505,,,,,,,elderly,volkswagen,plots,,,
1506,,,,,,,tile,strengths,polished,,,
1507,,,,,,,stevens,rugs,simpsons,,,
1508,,,,,,,coordinate,encouraging,upgrading,,,
1509,,,,,,,kuwait,furnished,pgp,,,
1510,,,,,,,emily,folding,loops,,,
1511,,,,,,,limitation,threatened,frontpage,,,
1512,,,,,,,struck,gui,possess,,,
1513,,,,,,,construct,gras,sip,,,
1514,,,,,,,cycles,jungle,programmers,,,
1515,,,,,,,affects,thesaurus,picnic,,,
1516,,,,,,,forecasts,ecological,spank,,,
1517,,,,,,,detect,consisting,pursuit,,,
1518,,,,,,,actively,overhead,sleeps,,,
1519,,,,,,,fastest,href,positioning,,,
1520,,,,,,,ton,trash,promoted,,,
1521,,,,,,,connectors,homeland,spine,,,
1522,,,,,,,unlikely,sheffield,temporarily,,,
1523,,,,,,,conflicts,finishing,apnic,,,
1524,,,,,,,latvia,wellington,pressed,,,
1525,,,,,,,travelers,incoming,frequencies,,,
1526,,,,,,,forestry,hwy,usps,,,
1527,,,,,,,cant,cashiers,fireplace,,,
1528,,,,,,,rarely,guam,planners,,,
1529,,,,,,,infected,eugene,disputes,,,
1530,,,,,,,incorrect,imagination,seq,,,
1531,,,,,,,trains,hotmail,psychiatry,,,
1532,,,,,,,metals,joshua,persistent,,,
1533,,,,,,,celtic,grande,aquarium,,,
1534,,,,,,,infections,assign,prophet,,,
1535,,,,,,,jeffrey,armstrong,naples,,,
1536,,,,,,,festivals,tigers,promptly,,,
1537,,,,,,,analytical,villages,adaptation,,,
1538,,,,,,,watson,shade,paso,,,
1539,,,,,,,costumes,chorus,phantom,,,
1540,,,,,,,strict,christine,supervisors,,,
1541,,,,,,,circulation,rhythm,ips,,,
1542,,,,,,,cet,digit,transcripts,,,
1543,,,,,,,tries,argued,apollo,,,
1544,,,,,,,invention,matched,persian,,,
1545,,,,,,,trick,fighters,scoop,,,
1546,,,,,,,volt,greetings,presently,,,
1547,,,,,,,intense,inherited,pose,,,
1548,,,,,,,steady,warming,therapist,,,
1549,,,,,,,dirt,chronicle,promising,,,
1550,,,,,,,statutes,grave,temporal,,,
1551,,,,,,,myers,legitimate,airplane,,,
1552,,,,,,,ministers,finnish,southampton,,,
1553,,,,,,,veterinary,gentle,impose,,,
1554,,,,,,,dist,hose,telescope,,,
1555,,,,,,,intake,nightlife,portsmouth,,,
1556,,,,,,,incentive,footage,pod,,,
1557,,,,,,,tucson,howto,smtp,,,
1558,,,,,,,fifty,worthy,potatoes,,,
1559,,,,,,,mistakes,architects,replication,,,
1560,,,,,,,reflection,sig,receptors,,,
1561,,,,,,,invitation,helena,peers,,,
1562,,,,,,,devoted,regarded,optimum,,,
1563,,,,,,,randy,cigarette,quilt,,,
1564,,,,,,,watt,fog,internship,,,
1565,,,,,,,decent,headline,shipments,,,
1566,,,,,,,dayton,treating,stripes,,,
1567,,,,,,,translated,gotta,cope,,,
1568,,,,,,,columnists,honduras,shepherd,,,
1569,,,,,,,innocent,naughty,sympathy,,,
1570,,,,,,,trivia,shake,jumping,,,
1571,,,,,,,intention,shadows,polymer,,,
1572,,,,,,,syria,holly,poultry,,,
1573,,,,,,,tires,formatting,promotes,,,
1574,,,,,,,undertaken,hartford,spas,,,
1575,,,,,,,retro,nicaragua,corpus,,,
1576,,,,,,,statewide,legally,reproduce,,,
1577,,,,,,,diy,shame,qui,,,
1578,,,,,,,suits,thickness,spokesman,,,
1579,,,,,,,interact,genius,prisoner,,,
1580,,,,,,,fruits,discussing,cleanup,,,
1581,,,,,,,identifier,fighter,conceptual,,,
1582,,,,,,,trinidad,meaningful,compute,,,
1583,,,,,,,ati,flesh,unwrap,,,
1584,,,,,,,calculators,wherever,hoped,,,
1585,,,,,,,correlation,rug,pike,,,
1586,,,,,,,trades,failing,poison,,,
1587,,,,,,,trinity,shortcuts,,,,
1588,,,,,,,selections,hull,,,,
1589,,,,,,,vocational,logitech,,,,
1590,,,,,,,scotia,highland,,,,
1591,,,,,,,troy,giants,,,,
1592,,,,,,,alter,shed,,,,
1593,,,,,,,latino,ham,,,,
1594,,,,,,,fitted,hawaiian,,,,
1595,,,,,,,twins,standings,,,,
1596,,,,,,,oriental,gratuit,,,,
1597,,,,,,,advocate,magnet,,,,
1598,,,,,,,tray,jaguar,,,,
1599,,,,,,,warranties,sheer,,,,
1600,,,,,,,escorts,urgent,,,,
1601,,,,,,,documented,guarantees,,,,
1602,,,,,,,artistic,gothic,,,,
1603,,,,,,,reflected,witch,,,,
1604,,,,,,,detector,cohen,,,,
1605,,,,,,,mainstream,usgs,,,,
1606,,,,,,,maternity,kathy,,,,
1607,,,,,,,carey,cigarettes,,,,
1608,,,,,,,motels,revenge,,,,
1609,,,,,,,journalists,chen,,,,
1610,,,,,,,danny,enjoying,,,,
1611,,,,,,,indirect,roughly,,,,
1612,,,,,,,foundations,hydrocodone,,,,
1613,,,,,,,arrest,gst,,,,
1614,,,,,,,ict,chan,,,,
1615,,,,,,,tolerance,chelsea,,,,
1616,,,,,,,creativity,reaches,,,,
1617,,,,,,,lloyd,schema,,,,
1618,,,,,,,eyed,catalogs,,,,
1619,,,,,,,attract,savannah,,,,
1620,,,,,,,raymond,harold,,,,
1621,,,,,,,initiated,acknowledge,,,,
1622,,,,,,,midwest,thoroughly,,,,
1623,,,,,,,lonely,antigua,,,,
1624,,,,,,,lancaster,nottingham,,,,
1625,,,,,,,containers,thunder,,,,
1626,,,,,,,attitudes,modelling,,,,
1627,,,,,,,confident,hack,,,,
1628,,,,,,,retrieved,hawk,,,,
1629,,,,,,,officially,origins,,,,
1630,,,,,,,consortium,hired,,,,
1631,,,,,,,terrace,madagascar,,,,
1632,,,,,,,traditions,nathan,,,,
1633,,,,,,,safely,magnitude,,,,
1634,,,,,,,finite,richardson,,,,
1635,,,,,,,kidney,hindu,,,,
1636,,,,,,,moisture,fragrances,,,,
1637,,,,,,,roster,licking,,,,
1638,,,,,,,symantec,fundraising,,,,
1639,,,,,,,transform,weights,,,,
1640,,,,,,,timer,geological,,,,
1641,,,,,,,educators,assessing,,,,
1642,,,,,,,tyler,lasting,,,,
1643,,,,,,,futures,handhelds,,,,
1644,,,,,,,custody,answering,,,,
1645,,,,,,,rocket,hans,,,,
1646,,,,,,,aye,reggae,,,,
1647,,,,,,,towers,theology,,,,
1648,,,,,,,nasty,whats,,,,
1649,,,,,,,latitude,allergy,,,,
1650,,,,,,,ste,shaft,,,,
1651,,,,,,,tumor,deutsche,,,,
1652,,,,,,,mistress,algeria,,,,
1653,,,,,,,encounter,reviewing,,,,
1654,,,,,,,trustees,sandwich,,,,
1655,,,,,,,watts,girlfriend,,,,
1656,,,,,,,resolutions,hierarchy,,,,
1657,,,,,,,ment,gore,,,,
1658,,,,,,,forty,dash,,,,
1659,,,,,,,floyd,cage,,,,
1660,,,,,,,analysts,checklist,,,,
1661,,,,,,,trance,courage,,,,
1662,,,,,,,witnesses,hitachi,,,,
1663,,,,,,,notion,hearings,,,,
1664,,,,,,,fujitsu,hugh,,,,
1665,,,,,,,arctic,anaheim,,,,
1666,,,,,,,treo,luther,,,,
1667,,,,,,,stolen,refugees,,,,
1668,,,,,,,soonest,knights,,,,
1669,,,,,,,determines,regression,,,,
1670,,,,,,,fist,sewing,,,,
1671,,,,,,,naturals,recognised,,,,
1672,,,,,,,motivation,munich,,,,
1673,,,,,,,nat,gmc,,,,
1674,,,,,,,restriction,lighter,,,,
1675,,,,,,,treasurer,rage,,,,
1676,,,,,,,testament,astrology,,,,
1677,,,,,,,dominant,occurring,,,,
1678,,,,,,,twist,travelling,,,,
1679,,,,,,,itunes,shorter,,,,
1680,,,,,,,tournaments,harley,,,,
1681,,,,,,,deny,relying,,,,
1682,,,,,,,anatomy,shannon,,,,
1683,,,,,,,judy,enhancing,,,,
1684,,,,,,,fraction,homeless,,,,
1685,,,,,,,trio,hungry,,,,
1686,,,,,,,defects,sagem,,,,
1687,,,,,,,uncertainty,halo,,,,
1688,,,,,,,milton,marathon,,,,
1689,,,,,,,clarity,marathon,,,,
1690,,,,,,,settled,gasoline,,,,
1691,,,,,,,emirates,niagara,,,,
1692,,,,,,,terrorists,charms,,,,
1693,,,,,,,fate,designation,,,,
1694,,,,,,,minolta,thrown,,,,
1695,,,,,,,ivory,gem,,,,
1696,,,,,,,literally,heath,,,,
1697,,,,,,,kay,varying,,,,
1698,,,,,,,maritime,weighted,,,,
1699,,,,,,,citations,angola,,,,
1700,,,,,,,tension,helmet,,,,
1701,,,,,,,tier,scholar,,,,
1702,,,,,,,emotions,geology,,,,
1703,,,,,,,eternal,coating,,,,
1704,,,,,,,cite,drainage,,,,
1705,,,,,,,rotation,shakira,,,,
1706,,,,,,,metric,vegetarian,,,,
1707,,,,,,,closest,rouge,,,,
1708,,,,,,,activated,clearing,,,,
1709,,,,,,,actress,contacting,,,,
1710,,,,,,,lit,vegetation,,,,
1711,,,,,,,accommodate,hitting,,,,
1712,,,,,,,dietary,striking,,,,
1713,,,,,,,marilyn,myth,,,,
1714,,,,,,,lyric,singh,,,,
1715,,,,,,,isolation,gig,,,,
1716,,,,,,,sustained,mileage,,,,
1717,,,,,,,rational,hyundai,,,,
1718,,,,,,,fountain,angela,,,,
1719,,,,,,,yrs,nitrogen,,,,
1720,,,,,,,saints,merger,,,,
1721,,,,,,,valuation,framing,,,,
1722,,,,,,,tunisia,organised,,,,
1723,,,,,,,metallica,integrating,,,,
1724,,,,,,,outlined,limiting,,,,
1725,,,,,,,str,hint,,,,
1726,,,,,,,narrative,chargers,,,,
1727,,,,,,,consist,reasoning,,,,
1728,,,,,,,defeat,guards,,,,
1729,,,,,,,distinction,researcher,,,,
1730,,,,,,,livestock,watershed,,,,
1731,,,,,,,tenant,kruger,,,,
1732,,,,,,,tattoo,granny,,,,
1733,,,,,,,silly,cottages,,,,
1734,,,,,,,nutritional,merge,,,,
1735,,,,,,,yea,edgar,,,,
1736,,,,,,,mercy,chassis,,,,
1737,,,,,,,freely,dressing,,,,
1738,,,,,,,timeline,yacht,,,,
1739,,,,,,,tar,drilling,,,,
1740,,,,,,,readily,whale,,,,
1741,,,,,,,affiliation,highlighted,,,,
1742,,,,,,,nudist,mustang,,,,
1743,,,,,,,infinite,wiring,,,,
1744,,,,,,,relatives,shark,,,,
1745,,,,,,,lindsay,grateful,,,,
1746,,,,,,,sync,gradually,,,,
1747,,,,,,,fatal,laughing,,,,
1748,,,,,,,remedy,grows,,,,
1749,,,,,,,realtors,religions,,,,
1750,,,,,,,adjustments,garlic,,,,
1751,,,,,,,retreat,hostels,,,,
1752,,,,,,,estates,shine,,,,
1753,,,,,,,democrat,senegal,,,,
1754,,,,,,,maintains,signatures,,,,
1755,,,,,,,retained,daughters,,,,
1756,,,,,,,surrey,hostel,,,,
1757,,,,,,,meditation,housewives,,,,
1758,,,,,,,moderators,mongolia,,,,
1759,,,,,,,winston,magical,,,,
1760,,,,,,,tide,irrigation,,,,
1761,,,,,,,cayman,hydraulic,,,,
1762,,,,,,,commodity,hash,,,,
1763,,,,,,,kilometers,writings,,,,
1764,,,,,,,infants,fathers,,,,
1765,,,,,,,cylinder,charging,,,,
1766,,,,,,,indication,rangers,,,,
1767,,,,,,,controllers,suggesting,,,,
1768,,,,,,,consultancy,marking,,,,
1769,,,,,,,conventions,sheriff,,,,
1770,,,,,,,italiano,griffin,,,,
1771,,,,,,,coordinates,guyana,,,,
1772,,,,,,,sticker,highways,,,,
1773,,,,,,,consecutive,chevy,,,,
1774,,,,,,,satin,longest,,,,
1775,,,,,,,mailto,holocaust,,,,
1776,,,,,,,tunes,dosage,,,,
1777,,,,,,,reynolds,navigator,,,,
1778,,,,,,,accurately,cathedral,,,,
1779,,,,,,,ministries,generous,,,,
1780,,,,,,,deficit,fascinating,,,,
1781,,,,,,,myanmar,heated,,,,
1782,,,,,,,metadata,hay,,,,
1783,,,,,,,circuits,configuring,,,,
1784,,,,,,,somerset,guru,,,,
1785,,,,,,,tent,convergence,,,,
1786,,,,,,,caution,skating,,,,
1787,,,,,,,identifies,grad,,,,
1788,,,,,,,namely,rendering,,,,
1789,,,,,,,miniature,touring,,,,
1790,,,,,,,interstate,flush,,,,
1791,,,,,,,systematic,hayes,,,,
1792,,,,,,,centuries,functioning,,,,
1793,,,,,,,introduces,delight,,,,
1794,,,,,,,roommate,garcia,,,,
1795,,,,,,,lucy,cingular,,,,
1796,,,,,,,evident,johns,,,,
1797,,,,,,,saturn,teaches,,,,
1798,,,,,,,nut,stranger,,,,
1799,,,,,,,twisted,tragedy,,,,
1800,,,,,,,merit,nowhere,,,,
1801,,,,,,,cumulative,gale,,,,
1802,,,,,,,edmonton,charming,,,,
1803,,,,,,,tackle,tooth,,,,
1804,,,,,,,retrieve,annoying,,,,
1805,,,,,,,worldcat,washer,,,,
1806,,,,,,,titanium,logan,,,,
1807,,,,,,,fairy,fought,,,,
1808,,,,,,,contacted,immigrants,,,,
1809,,,,,,,cdt,graduated,,,,
1810,,,,,,,innovations,sherman,,,,
1811,,,,,,,kitty,hansen,,,,
1812,,,,,,,monte,yugoslavia,,,,
1813,,,,,,,sticks,likelihood,,,,
1814,,,,,,,strand,endangered,,,,
1815,,,,,,,lawsuit,stating,,,,
1816,,,,,,,alto,align,,,,
1817,,,,,,,informative,engaging,,,,
1818,,,,,,,reject,negotiation,,,,
1819,,,,,,,italic,changelog,,,,
1820,,,,,,,merry,welding,,,,
1821,,,,,,,cult,heel,,,,
1822,,,,,,,mauritius,yang,,,,
1823,,,,,,,elevation,gently,,,,
1824,,,,,,,efficiently,locking,,,,
1825,,,,,,,frontier,fridge,,,,
1826,,,,,,,settle,surge,,,,
1827,,,,,,,altered,tahoe,,,,
1828,,,,,,,doctrine,demanding,,,,
1829,,,,,,,trainers,flashers,,,,
1830,,,,,,,consistency,deutschland,,,,
1831,,,,,,,collectors,smithsonian,,,,
1832,,,,,,,tactics,hollow,,,,
1833,,,,,,,trusts,groove,,,,
1834,,,,,,,talented,delegation,,,,
1835,,,,,,,induction,greenhouse,,,,
1836,,,,,,,steal,figured,,,,
1837,,,,,,,fifteen,niger,,,,
1838,,,,,,,acrylic,heater,,,,
1839,,,,,,,tuner,descending,,,,
1840,,,,,,,incidents,thriller,,,,
1841,,,,,,,rays,gerald,,,,
1842,,,,,,,toddler,hunger,,,,
1843,,,,,,,walt,mariah,,,,
1844,,,,,,,metallic,surgeon,,,,
1845,,,,,,,curtis,glow,,,,
1846,,,,,,,strikes,magnificent,,,,
1847,,,,,,,ant,colleague,,,,
1848,,,,,,,scout,harmful,,,,
1849,,,,,,,dealt,glucose,,,,
1850,,,,,,,warcraft,hometown,,,,
1851,,,,,,,catalyst,handmade,,,,
1852,,,,,,,trader,greene,,,,
1853,,,,,,,electro,grenada,,,,
1854,,,,,,,criterion,gtk,,,,
1855,,,,,,,wrist,earning,,,,
1856,,,,,,,vietnamese,switched,,,,
1857,,,,,,,tremendous,stockholm,,,,
1858,,,,,,,validity,garmin,,,,
1859,,,,,,,trustee,grams,,,,
1860,,,,,,,corrected,richards,,,,
1861,,,,,,,jenny,goat,,,,
1862,,,,,,,yemen,thereafter,,,,
1863,,,,,,,encountered,hardwood,,,,
1864,,,,,,,tsunami,forge,,,,
1865,,,,,,,creatures,forwarding,,,,
1866,,,,,,,commented,nightmare,,,,
1867,,,,,,,wallet,organisms,,,,
1868,,,,,,,yeast,sega,,,,
1869,,,,,,,yale,savage,,,,
1870,,,,,,,coated,harassment,,,,
1871,,,,,,,intend,gage,,,,
1872,,,,,,,kenny,throwing,,,,
1873,,,,,,,routines,generators,,,,
1874,,,,,,,yukon,wagon,,,,
1875,,,,,,,infectious,urge,,,,
1876,,,,,,,continuity,generates,,,,
1877,,,,,,,accent,thorough,,,,
1878,,,,,,,mysimon,huntington,,,,
1879,,,,,,,relates,refresh,,,,
1880,,,,,,,differently,michel,,,,
1881,,,,,,,sorts,chancellor,,,,
1882,,,,,,,vsnet,legendary,,,,
1883,,,,,,,restored,choir,,,,
1884,,,,,,,annotated,avoiding,,,,
1885,,,,,,,realtor,cho,,,,
1886,,,,,,,estimation,hygiene,,,,
1887,,,,,,,frost,surgeons,,,,
1888,,,,,,,institutes,immunology,,,,
1889,,,,,,,sally,johnston,,,,
1890,,,,,,,tracy,terminology,,,,
1891,,,,,,,alot,gentleman,,,,
1892,,,,,,,ate,shades,,,,
1893,,,,,,,traveller,threatening,,,,
1894,,,,,,,tomatoes,encourages,,,,
1895,,,,,,,instructors,viking,,,,
1896,,,,,,,stationery,mug,,,,
1897,,,,,,,clusters,knitting,,,,
1898,,,,,,,momentum,mating,,,,
1899,,,,,,,tract,redhead,,,,
1900,,,,,,,journalist,allah,,,,
1901,,,,,,,afterwards,longitude,,,,
1902,,,,,,,wendy,challenged,,,,
1903,,,,,,,tariff,telecharger,,,,
1904,,,,,,,swift,hugo,,,,
1905,,,,,,,runtime,wagner,,,,
1906,,,,,,,distant,groundwater,,,,
1907,,,,,,,deviation,touched,,,,
1908,,,,,,,manually,cologne,,,,
1909,,,,,,,centered,wishing,,,,
1910,,,,,,,yearly,ranger,,,,
1911,,,,,,,conviction,marsh,,,,
1912,,,,,,,retrieval,theta,,,,
1913,,,,,,,cindy,,,,,
1914,,,,,,,terrain,,,,,
1915,,,,,,,yen,,,,,
1916,,,,,,,nomination,,,,,
1917,,,,,,,rotary,,,,,
1918,,,,,,,discrete,,,,,
1919,,,,,,,commitments,,,,,
1920,,,,,,,skirts,,,,,
1921,,,,,,,mats,,,,,
1922,,,,,,,televisions,,,,,
1923,,,,,,,commodities,,,,,
1924,,,,,,,motorcycles,,,,,
1925,,,,,,,elect,,,,,
1926,,,,,,,concentrate,,,,,
1927,,,,,,,intimate,,,,,
1928,,,,,,,deadly,,,,,
1929,,,,,,,tions,,,,,
1930,,,,,,,intervals,,,,,
1931,,,,,,,sentences,,,,,
1932,,,,,,,dentists,,,,,
1933,,,,,,,workstation,,,,,
1934,,,,,,,flyer,,,,,
1935,,,,,,,customise,,,,,
1936,,,,,,,til,,,,,
1937,,,,,,,sticky,,,,,
1938,,,,,,,destiny,,,,,
1939,,,,,,,lafayette,,,,,
1940,,,,,,,wto,,,,,
1941,,,,,,,salvation,,,,,
1942,,,,,,,vatican,,,,,
1943,,,,,,,selective,,,,,
1944,,,,,,,token,,,,,
1945,,,,,,,editorials,,,,,
1946,,,,,,,yields,,,,,
1947,,,,,,,levy,,,,,
1948,,,,,,,suited,,,,,
1949,,,,,,,dylan,,,,,
1950,,,,,,,educated,,,,,
1951,,,,,,,necessity,,,,,
1952,,,,,,,inserted,,,,,
1953,,,,,,,kyle,,,,,
1954,,,,,,,nationally,,,,,
1955,,,,,,,tomato,,,,,
1956,,,,,,,travels,,,,,
1957,,,,,,,invitations,,,,,
1958,,,,,,,counted,,,,,
1959,,,,,,,undertake,,,,,
1960,,,,,,,tear,,,,,
1961,,,,,,,teddy,,,,,
1962,,,,,,,ata,,,,,
1963,,,,,,,ventures,,,,,
1964,,,,,,,nest,,,,,
1965,,,,,,,dryer,,,,,
1966,,,,,,,velvet,,,,,
1967,,,,,,,nato,,,,,
1968,,,,,,,funky,,,,,
1969,,,,,,,secretariat,,,,,
1970,,,,,,,adolescent,,,,,
1971,,,,,,,nominations,,,,,
1972,,,,,,,wesley,,,,,
1973,,,,,,,lately,,,,,
1974,,,,,,,scary,,,,,
1975,,,,,,,mattress,,,,,
1976,,,,,,,stan,,,,,
1977,,,,,,,worcester,,,,,
1978,,,,,,,stays,,,,,
1979,,,,,,,restrict,,,,,
1980,,,,,,,mentor,,,,,
1981,,,,,,,evaluations,,,,,
1982,,,,,,,elimination,,,,,
1983,,,,,,,metres,,,,,
1984,,,,,,,titled,,,,,
1985,,,,,,,ratios,,,,,
1986,,,,,,,walnut,,,,,
1987,,,,,,,italia,,,,,
1988,,,,,,,unnecessary,,,,,
1989,,,,,,,senators,,,,,
1990,,,,,,,workout,,,,,
1991,,,,,,,mtv,,,,,
1992,,,,,,,crest,,,,,
1993,,,,,,,nominated,,,,,
1994,,,,,,,electoral,,,,,
1995,,,,,,,alloy,,,,,
1996,,,,,,,tulsa,,,,,
1997,,,,,,,casey,,,,,
1998,,,,,,,elliott,,,,,
1999,,,,,,,justify,,,,,
2000,,,,,,,trauma,,,,,
2001,,,,,,,advert,,,,,
2002,,,,,,,monitored,,,,,
2003,,,,,,,motivated,,,,,
2004,,,,,,,vault,,,,,
2005,,,,,,,securely,,,,,
2006,,,,,,,fioricet,,,,,
2007,,,,,,,revelation,,,,,
2008,,,,,,,travis,,,,,
2009,,,,,,,colony,,,,,
2010,,,,,,,trout,,,,,
2011,,,,,,,feat,,,,,
2012,,,,,,,ntsc,,,,,
2013,,,,,,,transmit,,,,,
2014,,,,,,,fatty,,,,,
2015,,,,,,,reflections,,,,,
2016,,,,,,,joyce,,,,,
2017,,,,,,,detective,,,,,
2018,,,,,,,cement,,,,,
2019,,,,,,,endorsement,,,,,
2020,,,,,,,intranet,,,,,
2021,,,,,,,assists,,,,,
2022,,,,,,,auditor,,,,,
2023,,,,,,,looksmart,,,,,
2024,,,,,,,westminster,,,,,
2025,,,,,,,turtle,,,,,
2026,,,,,,,distances,,,,,
2027,,,,,,,treasures,,,,,
2028,,,,,,,continually,,,,,
2029,,,,,,,communist,,,,,
2030,,,,,,,creations,,,,,
2031,,,,,,,sanyo,,,,,
2032,,,,,,,nested,,,,,
2033,,,,,,,mysterious,,,,,
2034,,,,,,,novelty,,,,,
2035,,,,,,,tiles,,,,,
2036,,,,,,,voyuer,,,,,
2037,,,,,,,tamil,,,,,
2038,,,,,,,toolkit,,,,,
2039,,,,,,,toolkit,,,,,
2040,,,,,,,dts,,,,,
2041,,,,,,,reductions,,,,,
2042,,,,,,,meyer,,,,,
2043,,,,,,,enters,,,,,
2044,,,,,,,advancement,,,,,
2045,,,,,,,dat,,,,,
2046,,,,,,,kurt,,,,,
2047,,,,,,,creature,,,,,
2048,,,,,,,mounts,,,,,
2049,,,,,,,syracuse,,,,,
2050,,,,,,,coordinated,,,,,
2051,,,,,,,notre,,,,,
2052,,,,,,,antarctica,,,,,
2053,,,,,,,controversy,,,,,
2054,,,,,,,wit,,,,,
2055,,,,,,,virtue,,,,,
2056,,,,,,,mandate,,,,,
2057,,,,,,,wiley,,,,,
2058,,,,,,,convicted,,,,,
2059,,,,,,,jets,,,,,
2060,,,,,,,roommates,,,,,
2061,,,,,,,intl,,,,,
2062,,,,,,,activists,,,,,
2063,,,,,,,frankfurt,,,,,
2064,,,,,,,daisy,,,,,
2065,,,,,,,ultram,,,,,
2066,,,,,,,earliest,,,,,
2067,,,,,,,donated,,,,,
2068,,,,,,,stuffed,,,,,
2069,,,,,,,insects,,,,,
2070,,,,,,,terminals,,,,,
2071,,,,,,,simulations,,,,,
2072,,,,,,,myrtle,,,,,
2073,,,,,,,yarn,,,,,
2074,,,,,,,knit,,,,,
2075,,,,,,,conditional,,,,,
2076,,,,,,,attacked,,,,,
2077,,,,,,,translator,,,,,
2078,,,,,,,tractor,,,,,
2079,,,,,,,continent,,,,,
2080,,,,,,,resist,,,,,
2081,,,,,,,insertion,,,,,
2082,,,,,,,constraint,,,,,
2083,,,,,,,smallest,,,,,
2084,,,,,,,insulation,,,,,
2085,,,,,,,ricky,,,,,
2086,,,,,,,ctrl,,,,,
2087,,,,,,,monsters,,,,,
2088,,,,,,,asylum,,,,,
2089,,,,,,,stake,,,,,
2090,,,,,,,cocktail,,,,,
2091,,,,,,,outlets,,,,,
2092,,,,,,,varieties,,,,,
